EVENTO,SERIE,CONJUNTO,ANO,MES,DIA,HORA,MINUTO,COD_SEQUENCIAL,DATA_HORA,inp01_input_1_nivel_86472600,inp02_input_2_nivel_D_1h_86472600,inp03_input_3_chuva_med_acum_36h,inp04_input_6_nivel_86448000,inp05_input_6_nivel_D_12H_86448000,inp06_input_6_nivel_D_14H_86448000,inp07_input_7_nivel_86472000,inp08_input_7_nivel_D_1h_86472000,inp09_input_7_nivel_D_2h_86472000,inp10_input_7_nivel_D_4h_86472000,inp11_input_7_nivel_A_12h_86472000,inp12_input_11_nivel_86507000,inp13_input_11_nivel_D_14h_86507000,inp14_input_11_nivel_D_16h_86507000,saida_12h_alt_nivel_D12h_86472600,NIVEL_ATUAL_CM,OBSERVADO_12H_CM_AUDITORIA,PERSISTENCIA_CM,TIPO_ALVO_RNA,OBSERVADO_CM_AUDITORIA,RNA_CM,ALT_OBSERVADA_CM,ALT_RNA_CM,ERRO_RNA_CM,ERRO_ABS_CM,E2_RNA,PERS_BASE_NIVEL_ATUAL_CM,E2_PERS,SERIE_AUDITORIA,CONJUNTO_AUDITORIA
1,3,Teste,2023,5,5,13,0,202305051300,2023-05-05 13:00,398,-4,12.62076923076923,14832,-13,-21,479,-2,-5,-13,-9,234,-25,-24,-7,398,391,398,delta_alt,391,384.5571720466786,-7,-13.4428279533214,-6.442827953321398,6.442827953321398,41.5100320360996,398,49,3,Teste
1,3,Teste,2023,5,5,14,0,202305051400,2023-05-05 14:00,395,-3,14.00538461538462,14831,-14,-18,477,-2,-4,-11,-7,227,-31,-31,-1,395,394,395,delta_alt,394,381.5623125390241,-1,-13.43768746097589,-12.43768746097589,12.43768746097589,154.696069376917,395,1,3,Teste
1,3,Teste,2023,5,5,21,0,202305052100,2023-05-05 21:00,381,-1,29.43102564102564,14820,-15,-18,470,2,2,-1,8,274,17,17,15,381,396,381,delta_alt,396,386.7110389075427,15,5.711038907542672,-9.288961092457328,9.288961092457328,86.28479817718603,381,225,3,Teste
1,3,Teste,2023,5,5,22,0,202305052200,2023-05-05 22:00,382,1,29.46564102564102,14822,-13,-15,474,4,6,5,8,277,21,20,22,382,404,382,delta_alt,404,390.8514996302432,22,8.851499630243154,-13.14850036975685,13.14850036975685,172.8830619734959,382,484,3,Teste
1,3,Teste,2023,5,6,6,0,202305060600,2023-05-06 06:00,394,0,29.61179487179487,14907,85,81,478,2,3,1,4,320,97,93,132,394,526,394,delta_alt,526,443.9946661840635,132,49.99466618406348,-82.00533381593652,82.00533381593652,6724.874774263182,394,17424,3,Teste
1,3,Teste,2023,5,6,7,0,202305060700,2023-05-06 07:00,394,0,26.37333333333332,14914,94,90,484,6,8,8,7,431,207,208,133,394,527,394,delta_alt,527,473.0153821408114,133,79.01538214081137,-53.98461785918863,53.98461785918863,2914.338965402628,394,17689,3,Teste
1,3,Teste,2023,5,6,8,0,202305060800,2023-05-06 08:00,394,0,24.96564102564102,14921,101,99,497,13,19,22,13,459,224,236,133,394,527,394,delta_alt,527,484.9157688616116,133,90.91576886161158,-42.08423113838842,42.08423113838842,1771.082510509301,394,17689,3,Teste
1,3,Teste,2023,5,6,9,0,202305060900,2023-05-06 09:00,396,2,24.18102564102563,14926,106,106,535,38,51,59,36,457,204,233,130,396,526,396,delta_alt,526,501.5770326122532,130,105.5770326122532,-24.42296738774678,24.42296738774678,596.4813360229427,396,16900,3,Teste
1,3,Teste,2023,5,6,10,0,202305061000,2023-05-06 10:00,404,8,23.67333333333332,14927,105,107,567,32,70,89,28,453,186,218,120,404,524,404,delta_alt,524,510.7541599315787,120,106.7541599315787,-13.24584006842127,13.24584006842127,175.4522791181945,404,14400,3,Teste
1,3,Teste,2023,5,6,18,0,202305061800,2023-05-06 18:00,526,2,19.61153846153846,14923,16,23,622,-1,0,8,-3,392,113,106,17,526,543,526,delta_alt,543,567.1428816299268,17,41.14288162992682,24.14288162992682,24.14288162992682,582.8787333966578,526,289,3,Teste
1,3,Teste,2023,5,6,20,0,202305062000,2023-05-06 20:00,527,0,19.58076923076923,14927,6,20,621,-1,-1,-1,-14,385,65,106,33,527,560,527,delta_alt,560,560.7045238699213,33,33.70452386992133,0.7045238699213314,0.7045238699213314,0.4963538832889291,527,1089,3,Teste
1,3,Teste,2023,5,6,21,0,202305062100,2023-05-06 21:00,526,-1,19.56538461538461,14941,15,27,619,-2,-3,-4,-40,385,-46,109,36,526,562,526,delta_alt,562,551.5814487095663,36,25.5814487095663,-10.4185512904337,10.4185512904337,108.5462109913977,526,1296,3,Teste
1,3,Teste,2023,5,6,22,0,202305062200,2023-05-06 22:00,524,-2,19.56538461538461,14952,25,31,615,-4,-6,-7,-36,385,-74,65,28,524,552,524,delta_alt,552,545.2809392710212,28,21.28093927102123,-6.719060728978775,6.719060728978775,45.14577707970479,524,784,3,Teste
1,3,Teste,2023,5,7,5,0,202305070500,2023-05-07 05:00,533,9,3.203846153846152,14965,40,36,669,14,28,51,13,356,-58,-75,-15,533,518,533,delta_alt,518,555.6427016792077,-15,22.64270167920768,37.64270167920768,37.64270167920768,1416.972989709824,533,225,3,Teste
1,3,Teste,2023,5,7,7,0,202305070700,2023-05-07 07:00,553,10,2.273076923076922,14976,53,51,678,1,9,37,1,346,-53,-68,-14,553,539,553,delta_alt,539,573.6640003943678,-14,20.6640003943678,34.6640003943678,34.6640003943678,1201.592923340731,553,196,3,Teste
1,3,Teste,2023,5,7,8,0,202305070800,2023-05-07 08:00,560,7,2.273076923076922,14978,51,55,659,-19,-18,4,-18,340,-52,-65,-16,560,544,560,delta_alt,544,569.6377316598492,-16,9.637731659849237,25.63773165984924,25.63773165984924,657.2932846624359,560,256,3,Teste
1,3,Teste,2023,5,7,9,0,202305070900,2023-05-07 09:00,562,2,2.21153846153846,14980,39,57,633,-26,-45,-36,-24,335,-53,-64,-16,562,546,562,delta_alt,546,561.9389128925901,-16,-0.06108710740988954,15.93891289259011,15.93891289259011,254.0489441975753,562,256,3,Teste
1,3,Teste,2023,5,7,13,0,202305071300,2023-05-07 13:00,510,-11,1.085897435897436,14983,9,19,594,-3,-11,-39,-8,319,-64,-66,9,510,519,510,delta_alt,519,504.4214016360079,9,-5.578598363992114,-14.57859836399211,14.57859836399211,212.5355302585936,510,81,3,Teste
1,3,Teste,2023,5,7,17,0,202305071700,2023-05-07 17:00,518,14,0.6243589743589744,14936,-29,-36,659,15,26,65,1,305,-62,-71,-23,518,495,518,delta_alt,495,519.0902452864906,-23,1.090245286490585,24.09024528649059,24.09024528649059,580.3399179632819,518,529,3,Teste
1,3,Teste,2023,5,7,20,0,202305072000,2023-05-07 20:00,544,5,4.155128205128205,14913,-65,-48,648,-10,-15,4,9,297,-54,-64,-78,544,466,544,delta_alt,466,527.4650277319718,-78,-16.53497226802824,61.46502773197176,61.46502773197176,3777.949634092057,544,6084,3,Teste
1,3,Teste,2023,5,7,21,0,202305072100,2023-05-07 21:00,546,2,15.73974358974359,14909,-71,-67,639,-9,-19,-20,17,300,-46,-56,-85,546,461,546,delta_alt,461,531.5623315911419,-85,-14.43766840885814,70.56233159114186,70.56233159114186,4979.042639578256,546,7225,3,Teste
1,3,Teste,2023,5,7,22,0,202305072200,2023-05-07 22:00,540,-6,17.25897435897436,14905,-78,-73,627,-12,-21,-36,3,299,-41,-52,-79,540,461,540,delta_alt,461,520.6425810004839,-79,-19.35741899951609,59.64258100048391,59.64258100048391,3557.237468399285,540,6241,3,Teste
2,2,Validacao,2023,6,15,18,0,202306151800,2023-06-15 18:00,336,33,69.44935897435897,14716,11,8,452,7,19,90,6,282,122,122,160,336,496,336,delta_alt,496,396.1901952346208,160,60.19019523462083,-99.80980476537917,99.80980476537917,9961.997127303106,336,25600,2,Validacao
2,2,Validacao,2023,6,15,19,0,202306151900,2023-06-15 19:00,367,31,71.64807692307691,14715,9,8,461,9,16,61,7,311,158,150,142,367,509,367,delta_alt,509,434.0875172771414,142,67.08751727714139,-74.91248272285861,74.91248272285861,5611.88006770259,367,20164,2,Validacao
2,2,Validacao,2023,6,15,20,0,202306152000,2023-06-15 20:00,387,20,73.36474358974358,14729,22,24,475,14,23,42,13,368,215,208,158,387,545,387,delta_alt,545,471.7898944371082,158,84.78989443710822,-73.21010556289178,73.21010556289178,5359.719556529759,387,24964,2,Validacao
2,2,Validacao,2023,6,15,21,0,202306152100,2023-06-15 21:00,400,13,74.41089743589744,14753,44,47,493,18,32,48,18,412,249,259,225,400,625,400,delta_alt,625,503.9949087999299,225,103.9949087999299,-121.0050912000701,121.0050912000701,14642.23209633729,400,50625,2,Validacao
2,2,Validacao,2023,6,15,22,0,202306152200,2023-06-15 22:00,426,26,75.90128205128205,14789,78,82,511,18,36,59,19,427,260,274,273,426,699,426,delta_alt,699,551.0656599064896,273,125.0656599064896,-147.9343400935104,147.9343400935104,21884.5689789024,426,74529,2,Validacao
2,2,Validacao,2023,6,15,23,0,202306152300,2023-06-15 23:00,446.6,20.60000000000002,76.57179487179486,14823,109,114,525,14,32,64,14,421,234,258,323.4,446.6,770,446.6,delta_alt,770,575.7820288550529,323.4,129.1820288550529,-194.2179711449471,194.2179711449471,37720.62031565951,446.6,104587.56,2,Validacao
2,2,Validacao,2023,6,16,0,0,202306160000,2023-06-16 00:00,465,18.39999999999998,77.50192307692308,14866,148,155,532,7,21,57,5,408,211,241,369,465,834,465,delta_alt,834,599.1494268186034,369,134.1494268186034,-234.8505731813966,234.8505731813966,55154.79172363052,465,136161,2,Validacao
2,2,Validacao,2023,6,16,1,0,202306160100,2023-06-16 01:00,483,18,78.50384615384615,14915,193,201,529,-3,4,36,-7,394,190,207,384,483,867,483,delta_alt,867,620.5037557213767,384,137.5037557213767,-246.4962442786233,246.4962442786233,60760.39844346673,483,147456,2,Validacao
2,2,Validacao,2023,6,16,2,0,202306160200,2023-06-16 02:00,491,8,80.2051282051282,14978,255,260,522,-7,-10,11,-14,382,177,185,389,491,880,491,delta_alt,880,637.497128598577,389,146.497128598577,-242.502871401423,242.502871401423,58807.64263793511,491,151321,2,Validacao
2,2,Validacao,2023,6,16,3,0,202306160300,2023-06-16 03:00,489,-2,82.22331002331002,14996,276,274,520,-2,-9,-5,-40,373,167,169,397,489,886,489,delta_alt,886,634.9166757409884,397,145.9166757409884,-251.0833242590116,251.0833242590116,63042.83572095598,489,157609,2,Validacao
2,2,Validacao,2023,6,16,4,0,202306160400,2023-06-16 04:00,486,-3,85.91369463869464,14998,280,275,525,5,3,-7,-28,386,176,181,402,486,888,486,delta_alt,888,640.8653378011194,402,154.8653378011194,-247.1346621988806,247.1346621988806,61075.54126015483,486,161604,2,Validacao
2,2,Validacao,2023,6,16,5,0,202306160500,2023-06-16 05:00,489,3,89.1207459207459,15008,290,288,545,20,25,16,8,476,265,270,399,489,888,489,delta_alt,888,680.212720469505,399,191.212720469505,-207.787279530495,207.787279530495,43175.55353468406,489,159201,2,Validacao
2,2,Validacao,2023,6,16,6,0,202306160600,2023-06-16 06:00,496,7,89.50766899766899,15002,286,284,604,59,79,82,52,512,300,302,387,496,883,496,delta_alt,883,715.1683511316398,387,219.1683511316398,-167.8316488683602,167.8316488683602,28167.46236187254,496,149769,2,Validacao
2,2,Validacao,2023,6,16,7,0,202306160700,2023-06-16 07:00,509,13,87.73202797202796,15002,287,284,709,105,164,189,96,546,311,335,372,509,881,509,delta_alt,881,759.3683751581343,372,250.3683751581343,-121.6316248418657,121.6316248418657,14794.25216167236,509,138384,2,Validacao
2,2,Validacao,2023,6,16,8,0,202306160800,2023-06-16 08:00,545,36,85.6679254079254,14999,270,283,800,91,196,275,77,566,284,354,332,545,877,545,delta_alt,877,802.7239047784674,332,257.7239047784674,-74.27609522153261,74.27609522153261,5516.93832135818,545,110224,2,Validacao
2,2,Validacao,2023,6,16,9,0,202306160900,2023-06-16 09:00,625,80,84.86664335664337,15007,254,292,875,75,166,330,57,566,255,331,249,625,874,625,delta_alt,874,886.2825168489717,249,261.2825168489717,12.28251684897168,12.28251684897168,150.8602201452732,625,62001,2,Validacao
2,2,Validacao,2023,6,16,10,0,202306161000,2023-06-16 10:00,699,74,83.69741258741259,14993,204,264,978,103,178,374,85,570,202,288,182,699,881,699,delta_alt,881,956.776532877443,182,257.7765328774429,75.77653287744295,75.77653287744295,5742.082934926192,699,33124,2,Validacao
2,2,Validacao,2023,6,16,11,0,202306161100,2023-06-16 11:00,770,71,82.76664335664336,14989,166,236,1017,39,142,308,25,575,163,264,118,770,888,770,delta_alt,888,996.7001468915535,118,226.7001468915535,108.7001468915535,108.7001468915535,11815.7219342453,770,13924,2,Validacao
2,2,Validacao,2023,6,16,12,0,202306161200,2023-06-16 12:00,834,64,80.45125874125874,14992,126,203,1027,10,49,227,3,574,147,206,59,834,893,834,delta_alt,893,1024.870277269264,59,190.8702772692643,131.8702772692643,131.8702772692643,17389.77002707265,834,3481,2,Validacao
2,2,Validacao,2023,6,16,13,0,202306161300,2023-06-16 13:00,867,33,78.80510489510489,14994,79,171,1031,4,14,156,7,565,144,153,14,867,881,867,delta_alt,881,1025.816403548009,14,158.8164035480095,144.8164035480095,144.8164035480095,20971.79073657993,867,196,2,Validacao
2,2,Validacao,2023,6,16,14,0,202306161400,2023-06-16 14:00,880,13,77.96151515151516,14995,17,129,1036,5,9,58,12,566,158,139,-12,880,868,880,delta_alt,868,1014.5919718364,-12,134.5919718364,146.5919718364,146.5919718364,21489.2062068839,880,144,2,Validacao
2,2,Validacao,2023,6,16,15,0,202306161500,2023-06-16 15:00,886,6,77.16151515151516,14996,0,81,1036,0,5,19,2,555,161,134,-30,886,856,886,delta_alt,856,1004.324384688033,-30,118.3243846880334,148.3243846880334,148.3243846880334,22000.12309308373,886,900,2,Validacao
2,2,Validacao,2023,6,16,16,0,202306161600,2023-06-16 16:00,888,2,76.22305361305362,14999,1,21,1037,1,1,10,-4,548,166,140,-45,888,843,888,delta_alt,843,996.369347675874,-45,108.369347675874,153.369347675874,153.369347675874,23522.15680652311,888,2025,2,Validacao
2,2,Validacao,2023,6,16,17,0,202306161700,2023-06-16 17:00,888,0,75.46920745920747,15008,0,12,1029,-8,-7,-2,-28,540,167,146,-66,888,822,888,delta_alt,822,988.7437929524783,-66,100.7437929524783,166.7437929524783,166.7437929524783,27803.49248817896,888,4356,2,Validacao
2,2,Validacao,2023,6,16,18,0,202306161800,2023-06-16 18:00,883,-5,75.207668997669,14988,-14,-10,1027,-2,-10,-9,-61,533,147,151,-82,883,801,883,delta_alt,801,972.662666246469,-82,89.66266624646903,171.662666246469,171.662666246469,29468.07098284662,883,6724,2,Validacao
2,2,Validacao,2023,6,16,19,0,202306161900,2023-06-16 19:00,881,-2,74.45382284382285,14986,-16,-22,1023,-4,-6,-13,-109,519,43,146,-94,881,787,881,delta_alt,787,955.5221806319734,-94,74.52218063197336,168.5221806319734,168.5221806319734,28399.72536495546,881,8836,2,Validacao
2,2,Validacao,2023,6,16,20,0,202306162000,2023-06-16 20:00,877,-4,72.73587412587413,14981,-18,-21,1026,3,-1,-11,-88,509,-3,123,-106,877,771,877,delta_alt,771,947.274765151563,-106,70.27476515156297,176.274765151563,176.274765151563,31072.79282923868,877,11236,2,Validacao
2,2,Validacao,2023,6,16,21,0,202306162100,2023-06-16 21:00,874,-3,71.02602564102564,14976,-31,-26,1054,28,31,25,-47,505,-41,29,-120,874,754,874,delta_alt,754,945.1656856485101,-120,71.16568564851013,191.1656856485101,191.1656856485101,36544.319369465,874,14400,2,Validacao
2,2,Validacao,2023,6,16,22,0,202306162200,2023-06-16 22:00,881,7,68.46448717948718,14968,-25,-31,1057,3,31,30,-100,495,-71,-17,-139,881,742,881,delta_alt,742,936.884624993828,-139,55.88462499382797,194.884624993828,194.884624993828,37980.01705898496,881,19321,2,Validacao
2,2,Validacao,2023,6,16,23,0,202306162300,2023-06-16 23:00,888,7,64.91483682983682,14973,-16,-34,1047,-10,-7,24,-49,485,-81,-61,-153,888,735,888,delta_alt,735,933.7744200846903,-153,45.77442008469029,198.7744200846903,198.7744200846903,39511.27008000493,888,23409,2,Validacao
2,2,Validacao,2023,6,17,0,0,202306170000,2023-06-17 00:00,893,5,60.5882634032634,14985,-7,-8,1020,-27,-37,-6,-37,475,-95,-91,-165,893,728,893,delta_alt,728,928.1984100813811,-165,35.1984100813811,200.1984100813811,200.1984100813811,40079.40339911283,893,27225,2,Validacao
2,2,Validacao,2023,6,17,1,0,202306170100,2023-06-17 01:00,881,-12,56.44886946386946,14991,-3,2,1012,-8,-35,-42,-12,468,-107,-98,-160,881,721,881,delta_alt,721,913.6331803683131,-160,32.63318036831311,192.6331803683131,192.6331803683131,37107.54217881105,881,25600,2,Validacao
2,2,Validacao,2023,6,17,2,0,202306170200,2023-06-17 02:00,868,-13,53.13278554778555,14984,-11,-8,996,-16,-24,-61,-21,460,-114,-110,-157,868,711,868,delta_alt,711,891.3474808368433,-157,23.34748083684326,180.3474808368433,180.3474808368433,32525.21384419555,868,24649,2,Validacao
2,2,Validacao,2023,6,17,3,0,202306170300,2023-06-17 03:00,856,-12,48.35020979020979,14998,2,4,975,-21,-37,-72,-21,453,-112,-122,-160,856,696,856,delta_alt,696,875.9884223170241,-160,19.98842231702406,179.9884223170241,179.9884223170241,32395.8321681714,856,25600,2,Validacao
2,2,Validacao,2023,6,17,4,0,202306170400,2023-06-17 04:00,843,-13,42.78237762237762,15002,3,7,940,-35,-56,-80,-36,446,-120,-128,-162,843,681,843,delta_alt,681,851.6417776221834,-162,8.64177762218344,170.6417776221834,170.6417776221834,29118.6162700587,843,26244,2,Validacao
2,2,Validacao,2023,6,17,8,0,202306170800,2023-06-17 08:00,771,-16,28.30067599067599,14990,9,2,877,-14,-39,-63,-17,421,-112,-127,-130,771,641,771,delta_alt,641,776.4151112706472,-130,5.41511127064723,135.4151112706472,135.4151112706472,18337.25236044177,771,16900,2,Validacao
2,2,Validacao,2023,6,17,9,0,202306170900,2023-06-17 09:00,754,-17,27.16734265734265,14981,5,-5,869,-8,-22,-61,-36,416,-103,-124,-116,754,638,754,delta_alt,638,758.9240009403647,-116,4.924000940364749,120.9240009403647,120.9240009403647,14622.61400342533,754,13456,2,Validacao
2,2,Validacao,2023,6,17,10,0,202306171000,2023-06-17 10:00,742,-12,25.55900932400932,14986,18,5,867,-2,-10,-49,-5,409,-100,-124,-110,742,632,742,delta_alt,632,755.1845732175425,-110,13.18457321754249,123.1845732175425,123.1845732175425,15174.43907878809,742,12100,2,Validacao
2,2,Validacao,2023,6,17,11,0,202306171100,2023-06-17 11:00,735,-7,24.90900932400932,14986,13,10,858,-9,-11,-33,1,403,-102,-116,-111,735,624,735,delta_alt,624,748.4974097933462,-111,13.49740979334615,124.4974097933462,124.4974097933462,15499.60504525236,735,12321,2,Validacao
2,2,Validacao,2023,6,17,12,0,202306171200,2023-06-17 12:00,728,-7,23.76734265734265,14981,-4,13,850,-8,-17,-27,19,398,-97,-111,-108,728,620,728,delta_alt,620,740.260579577184,-108,12.26057957718399,120.260579577184,120.260579577184,14462.6070002402,728,11664,2,Validacao
2,2,Validacao,2023,6,17,13,0,202306171300,2023-06-17 13:00,721,-7,22.49234265734265,14981,-10,8,826,-24,-32,-43,-16,392,-93,-113,-108,721,613,721,delta_alt,613,722.4252784815616,-108,1.425278481561577,109.4252784815616,109.4252784815616,11973.8915707673,721,11664,2,Validacao
2,2,Validacao,2023,6,17,14,0,202306171400,2023-06-17 14:00,711,-10,20.64234265734265,14985,1,0,809,-17,-41,-58,-1,386,-89,-109,-105,711,606,711,delta_alt,606,711.9364156112588,-105,0.9364156112587807,105.9364156112588,105.9364156112588,11222.52415256135,711,11025,2,Validacao
2,2,Validacao,2023,6,17,20,0,202306172000,2023-06-17 20:00,641,-5,6.572342657342655,14987,-3,-11,753,-5,-10,-22,9,358,-76,-88,-73,641,568,641,delta_alt,568,641.496330411888,-73,0.4963304118880387,73.49633041188804,73.49633041188804,5401.710584013418,641,5329,2,Validacao
2,2,Validacao,2023,6,17,21,0,202306172100,2023-06-17 21:00,638,-3,6.205675990675988,14987,6,-8,745,-8,-13,-21,0,354,-74,-86,-74,638,564,638,delta_alt,564,638.5596703577747,-74,0.5596703577747348,74.55967035777473,74.55967035777473,5559.144443860033,638,5476,2,Validacao
2,2,Validacao,2023,6,17,22,0,202306172200,2023-06-17 22:00,632,-6,5.577470862470862,14984,-2,-6,740,-5,-13,-23,-3,351,-70,-83,-73,632,559,632,delta_alt,559,631.1310244663559,-73,-0.8689755336440612,72.13102446635594,72.13102446635594,5202.884690566039,632,5329,2,Validacao
2,2,Validacao,2023,6,17,23,0,202306172300,2023-06-17 23:00,624,-8,5.171060606060604,14980,-6,-1,732,-8,-13,-26,1,347,-69,-81,-75,624,549,624,delta_alt,549,621.5232539520055,-75,-2.476746047994538,72.52325395200546,72.52325395200546,5259.622363787076,624,5625,2,Validacao
2,2,Validacao,2023,6,18,0,0,202306180000,2023-06-18 00:00,620,-4,4.927470862470861,14976,-5,-10,722,-10,-18,-31,-2,344,-65,-77,-87,620,533,620,delta_alt,533,616.1739180182293,-87,-3.826081981770699,83.1739180182293,83.1739180182293,6917.900638503129,620,7569,2,Validacao
2,2,Validacao,2023,6,18,1,0,202306180100,2023-06-18 01:00,613,-7,4.760804195804194,14973,-8,-13,715,-7,-17,-30,17,340,-63,-76,-94,613,519,613,delta_alt,519,609.2392838317737,-94,-3.760716168226281,90.23928383177372,90.23928383177372,8143.128346471418,613,8836,2,Validacao
2,2,Validacao,2023,6,18,7,0,202306180700,2023-06-18 07:00,574,-7,3.007424242424241,14971,-11,-18,674,-5,-13,-29,0,326,-45,-55,-65,574,509,574,delta_alt,509,568.7699538149864,-65,-5.230046185013634,59.76995381498637,59.76995381498637,3572.447379045603,574,4225,2,Validacao
2,2,Validacao,2023,6,18,8,0,202306180800,2023-06-18 08:00,568,-6,2.840757575757575,14989,2,3,670,-4,-9,-24,1,319,-48,-58,-55,568,513,568,delta_alt,513,567.5128653333959,-55,-0.4871346666041063,54.51286533339589,54.51286533339589,2971.652486856956,568,3025,2,Validacao
2,2,Validacao,2023,6,18,9,0,202306180900,2023-06-18 09:00,564,-4,2.632424242424241,14991,4,9,654,-16,-20,-33,-8,315,-48,-56,-43,564,521,564,delta_alt,521,559.8321322155227,-43,-4.167867784477266,38.83213221552273,38.83213221552273,1507.934492403838,564,1849,2,Validacao
2,2,Validacao,2023,6,18,10,0,202306181000,2023-06-18 10:00,559,-5,2.449090909090908,14989,5,2,629,-25,-41,-50,-20,311,-47,-56,-29,559,530,559,delta_alt,530,547.5926073532332,-29,-11.40739264676677,17.59260735323323,17.59260735323323,309.499833485036,559,841,2,Validacao
2,2,Validacao,2023,6,18,11,0,202306181100,2023-06-18 11:00,549,-10,2.321818181818181,14987,7,0,611,-18,-43,-63,-10,308,-46,-55,-23,549,526,549,delta_alt,526,536.9868597726665,-23,-12.01314022733345,10.98685977266655,10.98685977266655,120.7110876642384,549,529,2,Validacao
3,2,Validacao,2023,7,11,16,0,202307111600,2023-07-11 16:00,433,-3,1.805128205128205,14860,-21,-27,519,-1,-5,-11,3,262,-24,-25,-25,433,408,433,delta_alt,408,418.4719223625305,-25,-14.52807763746949,10.47192236253051,10.47192236253051,109.6611579668665,433,625,2,Validacao
3,2,Validacao,2023,7,11,17,0,202307111700,2023-07-11 17:00,431,-2,4.278205128205128,14858,-21,-26,515,-4,-5,-12,0,262,-22,-23,-25,431,406,431,delta_alt,406,417.1943208514883,-25,-13.80567914851173,11.19432085148827,11.19432085148827,125.3128193260651,431,625,2,Validacao
3,2,Validacao,2023,7,11,18,0,202307111800,2023-07-11 18:00,428,-3,4.978205128205128,14857,-21,-24,514,-1,-5,-10,3,262,-21,-24,-23,428,405,428,delta_alt,405,415.2486297835645,-23,-12.75137021643548,10.24862978356452,10.24862978356452,105.0344124405658,428,529,2,Validacao
3,2,Validacao,2023,7,12,1,0,202307120100,2023-07-12 01:00,413,-2,5.544871794871794,14848,-17,-20,498,-3,-5,-8,0,259,-14,-17,12,413,425,413,delta_alt,425,400.9646690783592,12,-12.03533092164076,-24.03533092164076,24.03533092164076,577.6971325127806,413,144,2,Validacao
3,2,Validacao,2023,7,12,2,0,202307120200,2023-07-12 02:00,411,-2,5.529487179487178,14848,-15,-19,498,0,-3,-7,3,259,-12,-15,25,411,436,411,delta_alt,436,400.5710688576455,25,-10.42893114235449,-35.42893114235449,35.42893114235449,1255.209161889695,411,625,2,Validacao
3,2,Validacao,2023,7,12,3,0,202307120300,2023-07-12 03:00,409,-2,5.53076923076923,14848,-14,-17,495,-3,-3,-8,1,259,-10,-14,40,409,449,409,delta_alt,449,398.2273491000324,40,-10.77265089996763,-50.77265089996763,50.77265089996763,2577.862079409984,409,1600,2,Validacao
3,2,Validacao,2023,7,12,4,0,202307120400,2023-07-12 04:00,408,-1,5.553205128205127,14847,-13,-16,494,-1,-4,-7,0,259,-8,-12,56,408,464,408,delta_alt,464,398.1988965734186,56,-9.801103426581449,-65.80110342658145,65.80110342658145,4329.785212155669,408,3136,2,Validacao
3,2,Validacao,2023,7,12,5,0,202307120500,2023-07-12 05:00,406,-2,8.714743589743588,14846,-12,-16,492,-2,-3,-6,2,259,-8,-10,78,406,484,406,delta_alt,484,397.6127099928376,78,-8.387290007162392,-86.38729000716239,86.38729000716239,7462.763874781579,406,6084,2,Validacao
3,2,Validacao,2023,7,12,6,0,202307120600,2023-07-12 06:00,405,-1,15.76858974358974,14848,-9,-12,492,0,-2,-6,1,263,1,-4,114,405,519,405,delta_alt,519,402.7885202063816,114,-2.211479793618366,-116.2114797936184,116.2114797936184,13505.10803582257,405,12996,2,Validacao
3,2,Validacao,2023,7,12,7,0,202307120700,2023-07-12 07:00,405,0,17.38141025641026,14849,-6,-9,491,-1,-1,-4,2,267,5,0,145,405,550,405,delta_alt,550,405.3673170705601,145,0.3673170705601478,-144.6326829294399,144.6326829294399,20918.61297136788,405,21025,2,Validacao
3,2,Validacao,2023,7,12,8,0,202307120800,2023-07-12 08:00,405,0,20.40064102564103,14851,-3,-6,491,0,-1,-3,3,271,9,9,195,405,600,405,delta_alt,600,409.1177611945052,195,4.117761194505249,-190.8822388054948,190.8822388054948,36436.02909139793,405,38025,2,Validacao
3,2,Validacao,2023,7,12,9,0,202307120900,2023-07-12 09:00,405,0,26.71794871794872,14854,0,-1,492,1,1,0,3,272,11,10,247,405,652,405,delta_alt,652,414.1515035739454,247,9.151503573945433,-237.8484964260546,237.8484964260546,56571.90725213489,405,61009,2,Validacao
3,2,Validacao,2023,7,12,13,0,202307121300,2023-07-12 13:00,425,8,56.69294871794872,14888,40,37,513,10,16,21,13,344,84,84,632,425,1057,425,delta_alt,1057,485.9505508690035,632,60.95055086900351,-571.0494491309964,571.0494491309964,326097.4733528145,425,399424,2,Validacao
3,2,Validacao,2023,7,12,14,0,202307121400,2023-07-12 14:00,436,11,58.95128205128206,14901,53,51,528,15,25,35,15,406,147,146,670,436,1106,436,delta_alt,1106,521.5030205760524,670,85.50302057605245,-584.4969794239476,584.4969794239476,341636.7189557186,436,448900,2,Validacao
3,2,Validacao,2023,7,12,15,0,202307121500,2023-07-12 15:00,449,13,65.44294871794872,14930,82,82,550,22,37,53,25,473,214,213,696,449,1145,449,delta_alt,1145,569.5705508905735,696,120.5705508905735,-575.4294491094265,575.4294491094265,331119.0509023781,449,484416,2,Validacao
3,2,Validacao,2023,7,12,16,0,202307121600,2023-07-12 16:00,464,15,68.6846153846154,14965,118,117,583,33,55,80,34,535,276,276,715,464,1179,464,delta_alt,1179,620.2321343510062,715,156.2321343510062,-558.7678656489938,558.7678656489938,312221.527681932,464,511225,2,Validacao
3,2,Validacao,2023,7,12,17,0,202307121700,2023-07-12 17:00,484,20,72.0096153846154,14997,151,149,621,38,71,108,40,601,342,342,722,484,1206,484,delta_alt,1206,673.3759621564695,722,189.3759621564695,-532.6240378435305,532.6240378435305,283688.3656887466,484,521284,2,Validacao
3,2,Validacao,2023,7,12,18,0,202307121800,2023-07-12 18:00,519,35,83.1596153846154,14995,147,148,663,42,80,135,42,685,426,426,707,519,1226,519,delta_alt,1226,738.5623556166956,707,219.5623556166956,-487.4376443833044,487.4376443833044,237595.4571619447,519,499849,2,Validacao
3,2,Validacao,2023,7,12,20,0,202307122000,2023-07-12 20:00,600,50,93.64294871794874,14999,148,151,809,86,146,226,86,833,570,574,647,600,1247,600,delta_alt,1247,876.1367548161146,647,276.1367548161146,-370.8632451838854,370.8632451838854,137539.5466283227,600,418609,2,Validacao
3,2,Validacao,2023,7,12,21,0,202307122100,2023-07-12 21:00,652,52,93.6596153846154,15037,183,188,923,114,200,302,113,878,611,619,598,652,1250,652,delta_alt,1250,954.8764835752006,598,302.8764835752006,-295.1235164247994,295.1235164247994,87097.88994693884,652,357604,2,Validacao
3,2,Validacao,2023,7,12,22,0,202307122200,2023-07-12 22:00,752,100,93.67628205128207,15091,234,240,1115,192,306,452,191,899,628,636,497,752,1249,752,delta_alt,1249,1094.040712021127,497,342.0407120211269,-154.9592879788731,154.9592879788731,24012.38093091933,752,247009,2,Validacao
3,2,Validacao,2023,7,12,23,0,202307122300,2023-07-12 23:00,862.6144999999999,110.6144999999999,93.94294871794874,15139,277,285,1216,101,293,493,97,889,617,622,382.3855000000001,862.6144999999999,1245,862.6144999999999,delta_alt,1245,1201.416738623629,382.3855000000001,338.8022386236296,-43.5832613763705,43.5832613763705,1899.500672201029,862.6144999999999,146218.6706102501,2,Validacao
3,2,Validacao,2023,7,13,0,0,202307130000,2023-07-13 00:00,982,119.3855000000001,94.09935897435898,15160,286,303,1279,63,164,470,57,895,619,624,257,982,1239,982,delta_alt,1239,1313.972232969736,257,331.9722329697356,74.97223296973561,74.97223296973561,5620.835716468312,982,66049,2,Validacao
3,2,Validacao,2023,7,13,1,0,202307130100,2023-07-13 01:00,1057,75,94.14935897435898,15168,280,306,1325,46,109,402,36,884,598,612,173,1057,1230,1057,delta_alt,1230,1375.515604796017,173,318.5156047960172,145.5156047960172,145.5156047960172,21174.79123915067,1057,29929,2,Validacao
3,2,Validacao,2023,7,13,2,0,202307130200,2023-07-13 02:00,1106,49,94.09166666666667,15168,267,294,1369,44,90,254,29,871,568,595,117,1106,1223,1106,delta_alt,1223,1412.04937536879,117,306.0493753687904,189.0493753687904,189.0493753687904,35739.6663273298,1106,13689,2,Validacao
3,2,Validacao,2023,7,13,3,0,202307130300,2023-07-13 03:00,1145,39,94.07628205128205,15168,238,280,1408,39,83,192,17,875,531,589,66,1145,1211,1145,delta_alt,1211,1442.021321685736,66,297.0213216857364,231.0213216857364,231.0213216857364,53370.85107342451,1145,4356,2,Validacao
3,2,Validacao,2023,7,13,4,0,202307130400,2023-07-13 04:00,1179,34,93.83141025641025,15166,201,265,1434,26,65,155,-7,871,465,568,19,1179,1198,1179,delta_alt,1198,1461.81886476476,19,282.8188647647603,263.8188647647603,263.8188647647603,69600.39340576688,1179,361,2,Validacao
3,2,Validacao,2023,7,13,5,0,202307130500,2023-07-13 05:00,1206,27,91.36833333333335,15165,168,235,1452,18,44,127,-20,875,402,531,-26,1206,1180,1206,delta_alt,1180,1471.922606015712,-26,265.9226060157121,291.9226060157121,291.9226060157121,85218.80790300465,1206,676,2,Validacao
3,2,Validacao,2023,7,13,6,0,202307130600,2023-07-13 06:00,1226,20,90.75166666666667,15163,168,198,1460,8,26,91,-34,858,323,452,-63,1226,1163,1226,delta_alt,1163,1471.274969157638,-63,245.2749691576375,308.2749691576375,308.2749691576375,95033.45660914238,1226,3969,2,Validacao
3,2,Validacao,2023,7,13,8,0,202307130800,2023-07-13 08:00,1247,7,90.69409090909092,15155,156,160,1457,-2,-3,23,-88,859,174,324,-130,1247,1117,1247,delta_alt,1117,1454.056828641236,-130,207.0568286412363,337.0568286412363,337.0568286412363,113607.3057336877,1247,16900,2,Validacao
3,2,Validacao,2023,7,13,9,0,202307130900,2023-07-13 09:00,1250,3,90.99257575757575,15151,114,153,1449,-8,-10,-3,-122,863,98,262,-157,1250,1093,1250,delta_alt,1093,1434.502123775237,-157,184.5021237752367,341.5021237752367,341.5021237752367,116623.7005429971,1250,24649,2,Validacao
3,2,Validacao,2023,7,13,10,0,202307131000,2023-07-13 10:00,1249,-1,91.08744755244756,15144,53,145,1450,1,-7,-10,-191,850,17,165,-181,1249,1068,1249,delta_alt,1068,1405.781107838837,-181,156.7811078388365,337.7811078388365,337.7811078388365,114096.0768128317,1249,32761,2,Validacao
3,2,Validacao,2023,7,13,11,0,202307131100,2023-07-13 11:00,1245,-4,91.32462703962703,15137,-2,100,1446,-4,-3,-13,-105,840,-38,75,-197.3824,1245,1047.6176,1245,delta_alt,1047.6176,1380.615853011974,-197.3824,135.6158530119742,332.9982530119742,332.9982530119742,110887.8365090268,1245,38959.81182975999,2,Validacao
3,2,Validacao,2023,7,13,12,0,202307131200,2023-07-13 12:00,1239,-6,91.598986013986,15132,-28,41,1432,-14,-18,-25,-77,825,-74,-8,-208,1239,1031,1239,delta_alt,1031,1348.608341666857,-208,109.6083416668573,317.6083416668573,317.6083416668573,100875.0586963712,1239,43264,2,Validacao
3,2,Validacao,2023,7,13,13,0,202307131300,2023-07-13 13:00,1230,-9,91.76052447552446,15124,-44,-15,1427,-5,-19,-22,-51,814,-75,-64,-210,1230,1020,1230,delta_alt,1020,1327.205153228622,-210,97.20515322862184,307.2051532286218,307.2051532286218,94375.00617022102,1230,44100,2,Validacao
3,2,Validacao,2023,7,13,14,0,202307131400,2023-07-13 14:00,1223,-7,91.97590909090908,15114,-54,-46,1409,-18,-23,-41,-62,796,-99,-103,-218,1223,1005,1223,delta_alt,1005,1302.431848701248,-218,79.43184870124765,297.4318487012476,297.4318487012476,88465.70462184187,1223,47524,2,Validacao
3,2,Validacao,2023,7,13,15,0,202307131500,2023-07-13 15:00,1211,-12,92.09770396270396,15107,-61,-61,1388,-21,-39,-58,-60,769,-115,-120,-222,1211,989,1211,delta_alt,989,1277.167272549906,-222,66.1672725499061,288.1672725499061,288.1672725499061,83040.37696885187,1211,49284,2,Validacao
3,2,Validacao,2023,7,13,16,0,202307131600,2023-07-13 16:00,1198,-13,91.85988344988345,15097,-69,-71,1366,-22,-43,-66,-48,735,-136,-160,-230,1198,968,1198,delta_alt,968,1252.649249916929,-230,54.64924991692874,284.6492499169287,284.6492499169287,81025.19547827015,1198,52900,2,Validacao
3,2,Validacao,2023,7,13,17,0,202307131700,2023-07-13 17:00,1180,-18,88.698344988345,15090,-75,-78,1341,-25,-47,-86,-43,699,-176,-185,-232,1180,948,1180,delta_alt,948,1219.300419247873,-232,39.3004192478727,271.3004192478727,271.3004192478727,73603.9174840715,1180,53824,2,Validacao
3,2,Validacao,2023,7,17,0,0,202307170000,2023-07-17 00:00,515,-3,0.1276923076923077,14900,-46,-27,603,-9,-16,-21,17,281,-23,-27,-61,515,454,515,delta_alt,454,500.317904229306,-61,-14.68209577069399,46.31790422930601,46.31790422930601,2145.348252195164,515,3721,2,Validacao
3,2,Validacao,2023,7,17,1,0,202307170100,2023-07-17 01:00,510,-5,0.1123076923076923,14897,-54,-45,596,-7,-16,-27,5,280,-22,-26,-59,510,451,510,delta_alt,451,491.236051832278,-59,-18.76394816772205,40.23605183227795,40.23605183227795,1618.939867049758,510,3481,2,Validacao
3,2,Validacao,2023,7,17,2,0,202307170200,2023-07-17 02:00,504,-6,0.1123076923076923,14894,-60,-52,590,-6,-13,-29,1,278,-22,-26,-56,504,448,504,delta_alt,448,483.35733842997,-56,-20.64266157002999,35.35733842997001,35.35733842997001,1250.141380851434,504,3136,2,Validacao
4,1,Treino,2023,9,3,13,0,202309031300,2023-09-03 13:00,306,12,69.86923076923078,14731,20,17,410,16,29,46,27,356,112,110,141,306,447,306,delta_alt,447,367.6691295791896,141,61.66912957918964,-79.33087042081036,79.33087042081036,6293.387001723404,306,19881,1,Treino
4,1,Treino,2023,9,3,14,0,202309031400,2023-09-03 14:00,320,14,65.06153846153846,14755,42,47,425,15,31,51,30,368,121,122,130,320,450,320,delta_alt,450,391.264012244911,130,71.26401224491104,-58.73598775508896,58.73598775508896,3449.91625756596,320,16900,1,Treino
4,1,Treino,2023,9,3,15,0,202309031500,2023-09-03 15:00,338,18,61.88461538461538,14770,55,59,464,39,54,83,47,386,138,142,120,338,458,338,delta_alt,458,429.9147422400412,120,91.91474224004116,-28.08525775995884,28.08525775995884,788.781703443328,338,14400,1,Treino
4,1,Treino,2023,9,3,16,0,202309031600,2023-09-03 16:00,357,19,59.23076923076923,14787,71,74,487,23,62,93,24,390,142,143,119,357,476,357,delta_alt,476,450.0310922715556,119,93.03109227155556,-25.96890772844444,25.96890772844444,674.3841686084611,357,14161,1,Treino
4,1,Treino,2023,9,3,17,0,202309031700,2023-09-03 17:00,383,26,58.0076923076923,14800,82,85,496,9,32,86,9,395,149,147,118,383,501,383,delta_alt,501,474.484095132317,118,91.48409513231701,-26.51590486768299,26.51590486768299,703.0932109520146,383,13924,1,Treino
4,1,Treino,2023,9,3,18,0,202309031800,2023-09-03 18:00,410,27,57.67692307692307,14815,97,99,499,3,12,74,-2,449,202,201,130,410,540,410,delta_alt,540,514.0533442616952,130,104.0533442616952,-25.9466557383048,25.9466557383048,673.2289440021053,410,16900,1,Treino
4,1,Treino,2023,9,3,19,0,202309031900,2023-09-03 19:00,426,16,57.69230769230769,14832,115,114,497,-2,1,33,-6,424,175,178,148,426,574,426,delta_alt,574,521.4207318454838,148,95.42073184548383,-52.57926815451617,52.57926815451617,2764.579439664518,426,21904,1,Treino
4,1,Treino,2023,9,3,20,0,202309032000,2023-09-03 20:00,432,6,57.80769230769231,14848,141,130,507,10,8,20,-1,438,186,191,173,432,605,432,delta_alt,605,537.7104464180875,173,105.7104464180875,-67.28955358191251,67.28955358191251,4527.884021253075,432,29929,1,Treino
4,1,Treino,2023,9,3,21,0,202309032100,2023-09-03 21:00,434,2,58.46923076923077,14860,160,143,507,0,10,11,-15,432,176,183,202,434,636,434,delta_alt,636,538.1060380036051,202,104.1060380036051,-97.89396199639486,97.89396199639486,9583.227795351602,434,40804,1,Treino
4,1,Treino,2023,9,3,22,0,202309032200,2023-09-03 22:00,441,7,62.48461538461538,14864,164,157,509,2,2,10,-8,431,173,179,237,441,678,441,delta_alt,678,551.0403249094652,237,110.0403249094652,-126.9596750905348,126.9596750905348,16118.75909909416,441,56169,1,Treino
4,1,Treino,2023,9,3,23,0,202309032300,2023-09-03 23:00,450,9,69.33846153846154,14867,167,167,511,2,4,14,-5,442,170,186,306,450,756,450,delta_alt,756,568.3328223143975,306,118.3328223143975,-187.6671776856025,187.6671776856025,35218.9695804795,450,93636,1,Treino
4,1,Treino,2023,9,4,0,0,202309040000,2023-09-04 00:00,446,-4,73.1923076923077,14867,167,167,515,4,6,8,-9,474,173,216,473,446,919,446,delta_alt,919,567.637916459205,473,121.637916459205,-351.362083540795,351.362083540795,123455.3137501286,446,223729,1,Treino
4,1,Treino,2023,9,4,1,0,202309040100,2023-09-04 01:00,447,1,77.3923076923077,14868,137,168,523,8,12,16,-8,496,170,224,686,447,1133,447,delta_alt,1133,573.0540312800508,686,126.0540312800508,-559.9459687199492,559.9459687199492,313539.4878857223,447,470596,1,Treino
4,1,Treino,2023,9,4,2,0,202309040200,2023-09-04 02:00,450,3,82.62307692307692,14873,118,173,540,17,25,31,2,541,196,240,876,450,1326,450,delta_alt,1326,590.1158107356364,876,140.1158107356364,-735.8841892643636,735.8841892643636,541525.5400092697,450,767376,1,Treino
4,1,Treino,2023,9,4,3,0,202309040300,2023-09-04 03:00,458,8,92.6923076923077,14881,111,150,562,22,39,51,-17,578,222,252,1089,458,1547,458,delta_alt,1547,610.2328710716401,1089,152.2328710716401,-936.7671289283599,936.7671289283599,877532.6538406824,458,1185921,1,Treino
4,1,Treino,2023,9,4,4,0,202309040400,2023-09-04 04:00,476,18,99.16730769230769,14893,106,138,592,30,52,77,7,613,245,268,1272,476,1748,476,delta_alt,1748,645.7887587728951,1272,169.7887587728951,-1102.211241227105,1102.211241227105,1214869.620287395,476,1617984,1,Treino
4,1,Treino,2023,9,4,5,0,202309040500,2023-09-04 05:00,501,25,107.2621794871795,14918,118,148,626,34,64,103,25,629,243,273,1404,501,1905,501,delta_alt,1905,688.0188917921805,1404,187.0188917921805,-1216.981108207819,1216.981108207819,1481043.017734732,501,1971216,1,Treino
4,1,Treino,2023,9,4,6,0,202309040600,2023-09-04 06:00,540,39,115.8871794871795,14958,143,171,660,34,68,120,31,661,271,293,1493,540,2033,540,delta_alt,2033,750.8247750024918,1493,210.8247750024918,-1282.175224997508,1282.175224997508,1643973.307597411,540,2229049,1,Treino
4,1,Treino,2023,9,4,7,0,202309040700,2023-09-04 07:00,574,34,128.0955128205128,15007,175,207,691,31,65,129,33,733,338,347,1561,574,2135,574,delta_alt,2135,811.458964987193,1561,237.458964987193,-1323.541035012807,1323.541035012807,1751760.871362773,574,2436721,1,Treino
4,1,Treino,2023,9,4,8,0,202309040800,2023-09-04 08:00,605,31,136.2538461538462,15048,200,233,732,41,72,140,31,857,408,467,1602,605,2207,605,delta_alt,2207,873.0100577704957,1602,268.0100577704957,-1333.989942229504,1333.989942229504,1779529.165969476,605,2566404,1,Treino
4,1,Treino,2023,9,4,9,0,202309040900,2023-09-04 09:00,636,31,142.6705128205128,15188,328,356,804,72,113,178,72,1002,578,607,1641,636,2277,636,delta_alt,2277,959.9537079678279,1641,323.9537079678279,-1317.046292032172,1317.046292032172,1734610.935355693,636,2692881,1,Treino
5,1,Treino,2023,11,15,23,0,202311152300,2023-11-15 23:00,593,-11,11.33269230769231,14939,-12,-19,684,-8,-21,-55,30,352,-1,-6,66,593,659,593,delta_alt,659,596.9107931086636,66,3.910793108663597,-62.0892068913364,62.0892068913364,3855.069612395176,593,4356,1,Treino
5,1,Treino,2023,11,16,0,0,202311160000,2023-11-16 00:00,584,-9,10.95192307692308,14948,1,-6,679,-5,-13,-43,26,362,12,6,78,584,662,584,delta_alt,662,595.6659191004713,78,11.66591910047134,-66.33408089952866,66.33408089952866,4400.210288785212,584,6084,1,Treino
5,1,Treino,2023,11,16,1,0,202311160100,2023-11-16 01:00,577,-7,15.03333333333333,14912,-32,-39,677,-2,-7,-28,-10,367,19,14,91,577,668,577,delta_alt,668,582.570617234139,91,5.570617234139036,-85.42938276586096,85.42938276586096,7298.179439755982,577,8281,1,Treino
5,1,Treino,2023,11,16,2,0,202311160200,2023-11-16 02:00,573,-4,15.63269230769231,14890,-51,-57,679,2,0,-13,-11,372,27,22,106,573,679,573,delta_alt,679,577.9632261328281,106,4.96322613282814,-101.0367738671719,101.0367738671719,10208.42967348602,573,11236,1,Treino
5,1,Treino,2023,11,16,3,0,202311160300,2023-11-16 03:00,572,-1,15.80064102564103,14884,-55,-60,681,2,4,-3,-5,378,34,30,118,572,690,572,delta_alt,690,579.4822819613195,118,7.482281961319472,-110.5177180386805,110.5177180386805,12214.16600047729,572,13924,1,Treino
5,1,Treino,2023,11,16,4,0,202311160400,2023-11-16 04:00,573,1,17.13397435897436,14888,-48,-53,694,13,15,15,11,473,130,128,120,573,693,573,delta_alt,693,610.2005820836582,120,37.20058208365822,-82.79941791634178,82.79941791634178,6855.743607285021,573,14400,1,Treino
5,1,Treino,2023,11,16,5,0,202311160500,2023-11-16 05:00,575,2,18.34423076923077,14899,-36,-40,710,16,29,33,17,537,195,193,118,575,693,575,delta_alt,693,635.5660570639977,118,60.56605706399773,-57.43394293600227,57.43394293600227,3298.657801175965,575,13924,1,Treino
5,1,Treino,2023,11,16,6,0,202311160600,2023-11-16 06:00,585,10,18.4775641025641,14911,-23,-25,738,28,44,59,-18,555,212,212,115,585,700,585,delta_alt,700,660.7567890572248,115,75.75678905722475,-39.24321094277525,39.24321094277525,1540.029605099155,585,13225,1,Treino
5,1,Treino,2023,11,16,7,0,202311160700,2023-11-16 07:00,601,16,18.72371794871795,14926,-7,-9,763,25,53,82,23,541,197,199,112,601,713,601,delta_alt,713,685.9573317318999,112,84.9573317318999,-27.0426682681001,27.0426682681001,731.3059070585081,601,12544,1,Treino
5,1,Treino,2023,11,16,8,0,202311160800,2023-11-16 08:00,627,26,18.98525641025641,14938,5,4,773,10,35,79,27,523,181,180,104,627,731,627,delta_alt,731,709.957166215775,104,82.95716621577503,-21.04283378422497,21.04283378422497,442.8008536705196,627,10816,1,Treino
5,1,Treino,2023,11,16,9,0,202311160900,2023-11-16 09:00,648,21,21.44679487179487,14916,-18,-17,776,3,13,66,20,520,177,176,98,648,746,648,delta_alt,746,717.8289295640132,98,69.82892956401315,-28.17107043598685,28.17107043598685,793.6092095093322,648,9604,1,Treino
5,1,Treino,2023,11,16,10,0,202311161000,2023-11-16 10:00,657,9,22.63910256410256,14885,-50,-48,776,0,3,38,13,507,164,165,107,657,764,657,delta_alt,764,707.5492751608074,107,50.54927516080738,-56.45072483919262,56.45072483919262,3186.684334870238,657,11449,1,Treino
5,1,Treino,2023,11,16,11,0,202311161100,2023-11-16 11:00,659,2,23.79294871794871,14878,-61,-56,790,14,14,27,22,493,149,150,134,659,793,659,delta_alt,793,707.0841828326311,134,48.08418283263109,-85.91581716736891,85.91581716736891,7381.527639536763,659,17956,1,Treino
5,1,Treino,2023,11,16,12,0,202311161200,2023-11-16 12:00,662,3,26.11602564102564,14853,-95,-82,803,13,27,30,18,485,140,142,155,662,817,662,delta_alt,817,702.2619243952527,155,40.26192439525266,-114.7380756047473,114.7380756047473,13164.82599348072,662,24025,1,Treino
5,1,Treino,2023,11,16,13,0,202311161300,2023-11-16 13:00,668,6,26.94679487179487,14888,-24,-51,820,17,30,44,19,480,128,136,163,668,831,668,delta_alt,831,725.2980537832359,163,57.2980537832359,-105.7019462167641,105.7019462167641,11172.90143401169,668,26569,1,Treino
5,1,Treino,2023,11,16,14,0,202311161400,2023-11-16 14:00,679,11,26.97628205128205,14882,-8,-66,829,9,26,53,7,480,118,135,162,679,841,679,delta_alt,841,734.2981706020153,162,55.29817060201526,-106.7018293979847,106.7018293979847,11385.28039687664,679,26244,1,Treino
5,1,Treino,2023,11,16,15,0,202311161500,2023-11-16 15:00,690,11,26.97628205128205,14889,5,-23,820,-9,0,30,-11,481,114,129,166,690,856,690,delta_alt,856,742.226231847098,166,52.22623184709801,-113.773768152902,113.773768152902,12944.4703197103,690,27556,1,Treino
5,1,Treino,2023,11,16,16,0,202311161600,2023-11-16 16:00,693,3,27.07628205128205,14898,10,8,828,8,-1,25,-5,505,133,143,175,693,868,693,delta_alt,868,756.7141264296347,175,63.71412642963469,-111.2858735703653,111.2858735703653,12384.54565631933,693,30625,1,Treino
5,1,Treino,2023,11,16,17,0,202311161700,2023-11-16 17:00,693,0,27.09294871794872,14910,11,26,843,15,23,23,-1,524,146,157,183,693,876,693,delta_alt,876,767.5328804921596,183,74.53288049215962,-108.4671195078404,108.4671195078404,11765.11601432813,693,33489,1,Treino
5,1,Treino,2023,11,16,18,0,202311161800,2023-11-16 18:00,700,7,27.07628205128205,14910,-1,22,867,24,39,38,-4,548,75,176,179,700,879,700,delta_alt,879,777.4887447326122,179,77.48874473261219,-101.5112552673878,101.5112552673878,10304.53494596077,700,32041,1,Treino
5,1,Treino,2023,11,16,19,0,202311161900,2023-11-16 19:00,713,13,27.09294871794872,14901,-25,2,890,23,47,70,-2,577,40,199,167,713,880,713,delta_alt,880,790.4060952193704,167,77.4060952193704,-89.5939047806296,89.5939047806296,8027.067773840524,713,27889,1,Treino
5,1,Treino,2023,11,16,20,0,202311162000,2023-11-16 20:00,731,18,26.91217948717949,14905,-33,-6,900,10,33,72,0,609,54,136,152,731,883,731,delta_alt,883,801.7918234827945,152,70.79182348279448,-81.20817651720552,81.20817651720552,6594.767933249609,731,23104,1,Treino
5,1,Treino,2023,11,16,21,0,202311162100,2023-11-16 21:00,746,15,26.91474358974359,14918,2,-8,940,40,50,97,37,632,91,95,142,746,888,746,delta_alt,888,836.7076802932228,142,90.70768029322278,-51.29231970677722,51.29231970677722,2630.902060902247,746,20164,1,Treino
5,1,Treino,2023,11,16,22,0,202311162200,2023-11-16 22:00,764,18,26.93141025641026,14918,33,-20,974,34,74,107,34,646,123,91,122,764,886,764,delta_alt,886,864.0977946238584,122,100.0977946238584,-21.90220537614164,21.90220537614164,479.7066003386876,764,14884,1,Treino
5,1,Treino,2023,11,16,23,0,202311162300,2023-11-16 23:00,793,29,26.51602564102564,14902,24,-14,984,10,44,94,-4,650,130,109,86,793,879,793,delta_alt,879,884.9233507813894,86,91.92335078138944,5.923350781389445,5.923350781389445,35.08608447938695,793,7396,1,Treino
5,1,Treino,2023,11,17,0,0,202311170000,2023-11-17 00:00,817,24,25.41602564102564,14905,52,20,994,10,20,94,-3,657,150,134,57,817,874,817,delta_alt,874,917.2078844328582,57,100.2078844328582,43.20788443285824,43.20788443285824,1866.921277163233,817,3249,1,Treino
5,1,Treino,2023,11,17,1,0,202311170100,2023-11-17 01:00,831,14,22.76217948717949,14910,22,32,1009,15,25,69,-2,657,164,137,35,831,866,831,delta_alt,866,927.1264199645836,35,96.12641996458365,61.12641996458365,61.12641996458365,3736.43921768665,831,1225,1,Treino
5,1,Treino,2023,11,17,2,0,202311170200,2023-11-17 02:00,841,10,21.92884615384616,14917,35,64,1029,20,35,55,11,658,173,151,17,841,858,841,delta_alt,858,947.1194655704396,17,106.1194655704396,89.11946557043962,89.11946557043962,7942.279143560772,841,289,1,Treino
5,1,Treino,2023,11,17,3,0,202311170300,2023-11-17 03:00,856,15,19.075,14920,31,32,1042,13,33,58,22,658,178,165,2,856,858,856,delta_alt,858,958.6583758871691,2,102.6583758871691,100.6583758871691,100.6583758871691,10132.10863624262,856,4,1,Treino
5,1,Treino,2023,11,17,4,0,202311170400,2023-11-17 04:00,868,12,18.10576923076923,14922,24,40,1044,2,15,50,-6,650,170,165,-7,868,861,868,delta_alt,861,961.0400751510915,-7,93.04007515109151,100.0400751510915,100.0400751510915,10008.01663623604,868,49,1,Treino
5,1,Treino,2023,11,17,5,0,202311170500,2023-11-17 05:00,876,8,17.0474358974359,14920,10,31,1044,0,2,35,-15,635,154,155,-10,876,866,876,delta_alt,866,957.5469835075542,-10,81.54698350755416,91.54698350755416,91.54698350755416,8380.850189332394,876,100,1,Treino
5,1,Treino,2023,11,17,6,0,202311170600,2023-11-17 06:00,879,3,17.0474358974359,14918,8,20,1048,4,4,19,-20,625,120,145,-6,879,873,879,delta_alt,873,953.1480707424746,-6,74.1480707424746,80.1480707424746,80.1480707424746,6423.713243740714,879,36,1,Treino
5,1,Treino,2023,11,17,7,0,202311170700,2023-11-17 07:00,880,1,17.21410256410257,14911,10,1,1060,12,16,18,-11,611,87,130,1,880,881,880,delta_alt,881,950.5093007491637,1,70.50930074916369,69.50930074916369,69.50930074916369,4831.542890637687,880,1,1,Treino
5,1,Treino,2023,11,17,8,0,202311170800,2023-11-17 08:00,883,3,17.5474358974359,14904,-1,-6,1057,-3,9,13,-13,602,54,97,11,883,894,883,delta_alt,894,940.6561810915521,11,57.65618109155207,46.65618109155207,46.65618109155207,2176.799234047701,883,121,1,Treino
5,1,Treino,2023,11,17,9,0,202311170900,2023-11-17 09:00,888,5,20.48076923076923,14900,-18,-1,1049,-8,-11,5,-48,588,11,64,39,888,927,888,delta_alt,927,932.5051735026015,39,44.50517350260145,5.505173502601451,5.505173502601451,30.30693529374513,888,1521,1,Treino
5,1,Treino,2023,11,17,10,0,202311171000,2023-11-17 10:00,886,-2,25.9474358974359,14893,-25,-12,1040,-9,-17,-8,-43,570,-39,22,81,886,967,886,delta_alt,967,918.9608641517104,81,32.96086415171044,-48.03913584828956,48.03913584828956,2307.758573050419,886,6561,1,Treino
5,1,Treino,2023,11,17,11,0,202311171100,2023-11-17 11:00,879,-7,31.03076923076923,14886,-16,-32,1030,-10,-19,-30,-20,570,-62,-7,133,879,1012,879,delta_alt,1012,907.2614598550158,133,28.2614598550158,-104.7385401449842,104.7385401449842,10970.16179170247,879,17689,1,Treino
5,1,Treino,2023,11,17,12,0,202311171200,2023-11-17 12:00,874,-5,32.75576923076923,14887,-18,-31,1023,-7,-17,-34,-17,603,-43,-6,197,874,1071,874,delta_alt,1071,907.9879499745715,197,33.98794997457151,-163.0120500254285,163.0120500254285,26572.9284534928,874,38809,1,Treino
5,1,Treino,2023,11,17,13,0,202311171300,2023-11-17 13:00,866,-8,29.80576923076924,14890,-20,-12,1014,-9,-16,-35,-24,616,-34,-16,276,866,1142,866,delta_alt,1142,899.2817775199109,276,33.28177751991086,-242.7182224800891,242.7182224800891,58912.13552389405,866,76176,1,Treino
5,1,Treino,2023,11,17,14,0,202311171400,2023-11-17 14:00,858,-8,31.86410256410257,14897,-20,-8,1020,6,-3,-20,-14,636,-21,-10,371,858,1229,858,delta_alt,1229,902.4930241378754,371,44.49302413787541,-326.5069758621246,326.5069758621246,106606.80528663,858,137641,1,Treino
5,1,Treino,2023,11,17,15,0,202311171500,2023-11-17 15:00,858,0,35.08910256410257,14917,-3,7,1024,4,10,-6,-9,640,-17,-10,468,858,1326,858,delta_alt,1326,914.5193572114417,468,56.51935721144173,-411.4806427885583,411.4806427885583,169316.3193896851,858,219024,1,Treino
5,1,Treino,2023,11,17,16,0,202311171600,2023-11-17 16:00,861,3,37.78910256410257,14940,18,23,1032,8,12,9,6,641,-17,-16,572,861,1433,861,delta_alt,1433,928.8580822499409,572,67.85808224994094,-504.1419177500591,504.1419177500591,254159.0732327073,861,327184,1,Treino
5,1,Treino,2023,11,17,20,0,202311172000,2023-11-17 20:00,894,13,48.52188644688646,15088,184,170,1108,42,59,76,45,718,93,68,769,894,1663,894,delta_alt,1663,1063.350139037358,769,169.3501390373581,-599.6498609626419,599.6498609626419,359579.9557525158,894,591361,1,Treino
5,1,Treino,2023,11,17,21,0,202311172100,2023-11-17 21:00,927,33,46.06034798534799,15146,246,235,1153,45,87,117,53,738,127,103,786,927,1713,927,delta_alt,1713,1132.8713140776,786,205.8713140775999,-580.1286859224001,580.1286859224001,336549.2922300508,927,617796,1,Treino
5,1,Treino,2023,11,17,22,0,202311172200,2023-11-17 22:00,967,40,45.21932234432235,15200,307,296,1213,60,105,164,69,753,151,128,780,967,1747,967,delta_alt,1747,1203.781386026415,780,236.7813860264146,-543.2186139735854,543.2186139735854,295086.4625673832,967,608400,1,Treino
5,1,Treino,2023,11,17,23,0,202311172300,2023-11-17 23:00,1012,45,62.89047619047619,15240,354,340,1283,70,130,217,80,782,194,171,751,1012,1763,1012,delta_alt,1763,1282.226305556615,751,270.2263055566145,-480.7736944433855,480.7736944433855,231143.3452687418,1012,564001,1,Treino
5,1,Treino,2023,11,18,2,0,202311180200,2023-11-18 02:00,1229,87,71.71017316017316,15324,427,437,1599,117,241,386,111,818,215,248,690,1229,1919,1229,delta_alt,1919,1555.716202524817,690,326.7162025248167,-363.2837974751833,363.2837974751833,131975.11750799,1229,476100,1,Treino
5,1,Treino,2023,11,18,3,0,202311180300,2023-11-18 03:00,1326,97,72.56017316017315,15329,412,439,1734,135,252,451,131,828,212,258,669,1326,1995,1326,delta_alt,1995,1660.657626632793,669,334.6576266327934,-334.3423733672066,334.3423733672066,111784.8226288166,1326,447561,1,Treino
5,1,Treino,2023,11,18,4,0,202311180400,2023-11-18 04:00,1433,107,72.99863469863469,15326,386,429,1796,62,197,438,54,840,204,237,616,1433,2049,1433,delta_alt,2049,1754.298648832813,616,321.2986488328129,-294.7013511671871,294.7013511671871,86848.88637976574,1433,379456,1,Treino
8,1,Treino,2024,4,28,21,0,202404282100,2024-04-28 21:00,374,-2,57.61758241758241,14700,-115,-61,454,3,6,17,48,252,19,10,133,374,507,374,delta_alt,507,372.8675187553143,133,-1.132481244685664,-134.1324812446857,134.1324812446857,17991.52252485595,374,17689,1,Treino
8,1,Treino,2024,4,28,22,0,202404282200,2024-04-28 22:00,368,-6,57.38186813186814,14700,-130,-88,455,1,4,10,34,264,31,26,148,368,516,368,delta_alt,516,361.8268132181604,148,-6.173186781839604,-154.1731867818396,154.1731867818396,23769.371522468,368,21904,1,Treino
8,1,Treino,2024,4,28,23,0,202404282300,2024-04-28 23:00,358,-10,57.23901098901099,14700,-141,-115,455,0,1,7,16,268,36,35,169,358,527,358,delta_alt,527,345.9074572450311,169,-12.09254275496886,-181.0925427549689,181.0925427549689,32794.50904146022,358,28561,1,Treino
8,1,Treino,2024,4,29,0,0,202404290000,2024-04-29 00:00,351,-7,57.2401098901099,14700,-148,-130,455,0,0,4,5,283,51,50,183,351,534,351,delta_alt,534,339.182753949798,183,-11.81724605020202,-194.817246050202,194.817246050202,37953.75935858495,351,33489,1,Treino
8,1,Treino,2024,4,29,1,0,202404290100,2024-04-29 01:00,347,-4,57.21153846153847,14700,-132,-141,454,-1,-1,0,-1,295,63,63,187,347,534,347,delta_alt,534,337.9670543985105,187,-9.03294560148953,-196.0329456014895,196.0329456014895,38428.91576119656,347,34969,1,Treino
8,1,Treino,2024,4,29,2,0,202404290200,2024-04-29 02:00,345,-2,57.65439560439561,14700,-117,-148,454,0,-1,-1,-39,301,69,69,195,345,540,345,delta_alt,540,336.482497606438,195,-8.51750239356204,-203.517502393562,203.517502393562,41419.37378051353,345,38025,1,Treino
8,1,Treino,2024,4,29,3,0,202404290300,2024-04-29 03:00,349,4,58.96868131868133,14700,-96,-132,454,0,0,-1,-35,304,72,72,212,349,561,349,delta_alt,561,347.7734385198208,212,-1.226561480179157,-213.2265614801792,213.2265614801792,45465.56652066062,349,44944,1,Treino
8,1,Treino,2024,4,29,4,0,202404290400,2024-04-29 04:00,370,21,59.95439560439561,14708,-65,-109,453,-1,-1,-2,-50,306,74,74,223,370,593,370,delta_alt,593,379.7070849349841,223,9.707084934984096,-213.2929150650159,213.2929150650159,45493.86761693209,370,49729,1,Treino
8,1,Treino,2024,4,29,5,0,202404290500,2024-04-29 05:00,415,45,59.139010989011,14718,-28,-78,447,-6,-7,-7,-36,306,73,74,218,415,633,415,delta_alt,633,438.9508520562529,218,23.95085205625293,-194.0491479437471,194.0491479437471,37655.07181769424,415,47524,1,Treino
8,1,Treino,2024,4,29,6,0,202404290600,2024-04-29 06:00,437,22,59.15329670329671,14731,2,-42,444,-3,-9,-10,-11,304,67,72,242,437,679,437,delta_alt,679,464.7069257284782,242,27.70692572847815,-214.2930742715218,214.2930742715218,45921.52168073998,437,58564,1,Treino
8,1,Treino,2024,4,29,7,0,202404290700,2024-04-29 07:00,438,1,60.82472527472528,14734,23,-12,441,-3,-6,-13,-6,304,66,71,298,438,736,438,delta_alt,736,467.2778597419024,298,29.27785974190243,-268.7221402580976,268.7221402580976,72211.58866489267,438,88804,1,Treino
8,1,Treino,2024,4,29,8,0,202404290800,2024-04-29 08:00,465,27,62.89395604395606,14737,37,8,423,-18,-21,-30,-21,303,62,66,330,465,795,465,delta_alt,795,499.3912380259498,330,34.3912380259498,-295.6087619740502,295.6087619740502,87384.54015583066,465,108900,1,Treino
8,1,Treino,2024,4,29,9,0,202404290900,2024-04-29 09:00,507,42,37.42967032967033,14738,38,27,413,-10,-28,-34,-13,300,59,62,286,507,793,507,delta_alt,793,535.9716743937282,286,28.97167439372822,-257.0283256062718,257.0283256062718,66063.56016396366,507,81796,1,Treino
8,1,Treino,2024,4,29,10,0,202404291000,2024-04-29 10:00,516,9,28.55824175824177,14738,38,38,411,-2,-12,-33,-3,279,39,38,293,516,809,516,delta_alt,809,532.1209755309219,293,16.1209755309219,-276.8790244690781,276.8790244690781,76661.99419094835,516,85849,1,Treino
8,1,Treino,2024,4,29,11,0,202404291100,2024-04-29 11:00,527,11,26.77967032967033,14740,40,40,409,-2,-4,-32,-2,311,59,70,315,527,842,527,delta_alt,842,550.3747653362766,315,23.3747653362766,-291.6252346637234,291.6252346637234,85045.27749267174,527,99225,1,Treino
8,1,Treino,2024,4,29,12,0,202404291200,2024-04-29 12:00,534,7,25.87967032967033,14760,60,60,408,-1,-3,-15,-1,308,44,68,341,534,875,534,delta_alt,875,561.490583059157,341,27.49058305915696,-313.509416940843,313.509416940843,98288.15451058737,534,116281,1,Treino
8,1,Treino,2024,4,29,13,0,202404291300,2024-04-29 13:00,534,0,25.76538461538462,14759,59,59,426,18,17,13,19,306,38,54,393,534,927,534,delta_alt,927,567.1933378584373,393,33.1933378584373,-359.8066621415627,359.8066621415627,129460.8341214526,534,154449,1,Treino
8,1,Treino,2024,4,29,14,0,202404291400,2024-04-29 14:00,540,6,27.24395604395604,14753,53,53,445,19,37,34,19,308,25,44,490,540,1030,540,delta_alt,1030,576.2239368075413,490,36.22393680754135,-453.7760631924587,453.7760631924587,205912.7155264462,540,240100,1,Treino
8,1,Treino,2024,4,29,15,0,202404291500,2024-04-29 15:00,561,21,31.07967032967033,14747,47,47,453,8,27,44,8,307,12,39,575,561,1136,561,delta_alt,1136,596.8297084562627,575,35.82970845626267,-539.1702915437373,539.1702915437373,290704.6032833587,561,330625,1,Treino
8,1,Treino,2024,4,29,16,0,202404291600,2024-04-29 16:00,593,32,32.04395604395604,14739,31,39,456,3,11,48,4,313,12,30,587,593,1180,593,delta_alt,1180,626.27197474627,587,33.27197474626996,-553.72802525373,553.72802525373,306614.7259513955,593,344569,1,Treino
8,1,Treino,2024,4,29,17,0,202404291700,2024-04-29 17:00,633,40,34.01538461538462,14731,13,31,462,6,9,36,12,322,18,27,578,633,1211,633,delta_alt,1211,667.9731377077344,578,34.9731377077344,-543.0268622922656,543.0268622922656,294878.1731709832,633,334084,1,Treino
8,1,Treino,2024,4,29,18,0,202404291800,2024-04-29 18:00,679,46,41.42252747252748,14738,7,30,481,19,25,36,22,325,19,24,566,679,1245,679,delta_alt,1245,725.9428293519973,566,46.94282935199726,-519.0571706480027,519.0571706480027,269420.3464011098,679,320356,1,Treino
8,1,Treino,2024,4,29,19,0,202404291900,2024-04-29 19:00,736,57,53.75109890109891,14743,9,25,493,12,31,40,15,327,21,23,535,736,1271,736,delta_alt,1271,792.8332581114257,535,56.83325811142572,-478.1667418885743,478.1667418885743,228643.4330483344,736,286225,1,Treino
8,1,Treino,2024,4,29,20,0,202404292000,2024-04-29 20:00,795,59,60.35109890109891,14770,33,39,511,18,30,55,36,333,29,27,489,795,1284,795,delta_alt,1284,868.887851097961,489,73.88785109796095,-415.1121489020391,415.1121489020391,172318.0961660686,795,239121,1,Treino
8,1,Treino,2024,4,29,21,0,202404292100,2024-04-29 21:00,793,-2,62.08681318681319,14833,95,99,545,34,52,83,44,341,37,35,492,793,1285,793,delta_alt,1285,879.9271053475,492,86.92710534749995,-405.0728946525001,405.0728946525001,164084.0499821554,793,242064,1,Treino
8,1,Treino,2024,4,29,22,0,202404292200,2024-04-29 22:00,809,16,69.00824175824177,14894,156,157,565,20,54,84,22,359,56,55,471,809,1280,809,delta_alt,1280,924.854394616606,471,115.854394616606,-355.145605383394,355.145605383394,126128.4010231374,809,221841,1,Treino
8,1,Treino,2024,4,29,23,0,202404292300,2024-04-29 23:00,842,33,70.17967032967034,14906,166,168,570,5,25,77,7,435,135,131,424,842,1266,842,delta_alt,1266,977.0879214204565,424,135.0879214204565,-288.9120785795435,288.9120785795435,83470.18914915233,842,179776,1,Treino
8,1,Treino,2024,4,30,0,0,202404300000,2024-04-30 00:00,875,33,71.97967032967034,14901,141,163,582,12,17,71,13,465,186,162,370,875,1245,875,delta_alt,1245,1017.271169307663,370,142.2711693076627,-227.7288306923373,227.7288306923373,51860.42032849922,875,136900,1,Treino
8,1,Treino,2024,4,30,1,0,202404300100,2024-04-30 01:00,927,52,70.1510989010989,14891,132,151,621,39,51,76,21,490,179,190,292,927,1219,927,delta_alt,1219,1087.068466740998,292,160.0684667409978,-131.9315332590022,131.9315332590022,17405.9294680712,927,85264,1,Treino
8,1,Treino,2024,4,30,2,0,202404300200,2024-04-30 02:00,1030,103,71.80824175824176,14880,127,120,663,42,81,98,23,471,163,192,155,1030,1185,1030,delta_alt,1185,1206.090107944996,155,176.0901079449964,21.09010794499636,21.09010794499636,444.7926531315987,1030,24025,1,Treino
19,1,Treino,2025,8,20,14,0,202508201400,2025-08-20 14:00,269,-23,9.475000000000003,14796,59,10,284,-1,-1,-2,16,260,4,-4,115,269,384,269,delta_alt,384,260.6016585607574,115,-8.398341439242643,-123.3983414392426,123.3983414392426,15227.15066995591,269,13225,1,Treino
19,1,Treino,2025,8,20,15,0,202508201500,2025-08-20 15:00,259,-10,9.04166666666667,14790,83,24,284,0,-1,-1,17,258,2,-2,133,259,392,259,delta_alt,392,257.7999467552405,133,-1.200053244759488,-134.2000532447595,134.2000532447595,18009.65429089628,259,17689,1,Treino
19,1,Treino,2025,8,20,16,0,202508201600,2025-08-20 16:00,285,26,8.991666666666669,14754,53,17,283,-1,-1,-2,9,217,-39,-39,110,285,395,285,delta_alt,395,279.0324846645298,110,-5.967515335470239,-115.9675153354702,115.9675153354702,13448.46461308253,285,12100,1,Treino
19,1,Treino,2025,8,20,17,0,202508201700,2025-08-20 17:00,328,43,8.958333333333334,14782,64,75,315,32,31,30,45,204,-58,-52,70,328,398,328,delta_alt,398,348.4650765937893,70,20.46507659378926,-49.53492340621074,49.53492340621074,2453.708636859164,328,4900,1,Treino
19,1,Treino,2025,8,20,18,0,202508201800,2025-08-20 18:00,349,21,8.958333333333334,14772,45,71,381,66,98,97,84,202,-72,-54,52,349,401,349,delta_alt,401,381.3321682177246,52,32.33216821772459,-19.66783178227541,19.66783178227541,386.8236070158829,349,2704,1,Treino
19,1,Treino,2025,8,20,19,0,202508201900,2025-08-20 19:00,356,7,8.958333333333334,14785,44,67,413,32,98,129,45,201,-73,-61,46,356,402,356,delta_alt,402,375.456824706679,46,19.45682470667896,-26.54317529332104,26.54317529332104,704.5401546519686,356,2116,1,Treino
19,1,Treino,2025,8,20,20,0,202508202000,2025-08-20 20:00,359,3,8.891666666666667,14792,38,65,436,23,55,153,30,201,-73,-73,44,359,403,359,delta_alt,403,369.834446641352,44,10.83444664135197,-33.16555335864803,33.16555335864803,1099.953929585329,359,1936,1,Treino
19,1,Treino,2025,8,20,21,0,202508202100,2025-08-20 21:00,362,3,8.891666666666667,14797,31,56,447,11,34,132,15,201,-73,-73,46,362,408,362,delta_alt,408,364.7907028828902,46,2.790702882890173,-43.20929711710983,43.20929711710983,1867.043357354676,362,2116,1,Treino
19,1,Treino,2025,8,20,22,0,202508202200,2025-08-20 22:00,367,5,8.891666666666667,14796,18,42,453,6,17,72,7,201,-73,-73,51,367,418,367,delta_alt,418,361.5594152821193,51,-5.440584717880711,-56.44058471788071,56.44058471788071,3185.539603296269,367,2601,1,Treino
19,1,Treino,2025,8,20,23,0,202508202300,2025-08-20 23:00,370,3,8.875000000000002,14791,1,25,453,0,6,40,1,223,-51,-51,52,370,422,370,delta_alt,422,360.344236396423,52,-9.655763603577043,-61.65576360357704,61.65576360357704,3801.433185540176,370,2704,1,Treino
19,1,Treino,2025,8,21,0,0,202508210000,2025-08-21 00:00,373,3,8.875000000000002,14786,-14,8,452,-1,-1,16,-1,291,17,17,33,373,406,373,delta_alt,406,370.9113848386562,33,-2.088615161343796,-35.0886151613438,35.0886151613438,1231.210913940886,373,1089,1,Treino
19,1,Treino,2025,8,21,1,0,202508210100,2025-08-21 01:00,377,4,8.875000000000002,14774,-26,-16,446,-6,-7,-1,-6,292,18,18,19,377,396,377,delta_alt,396,368.0629617509201,19,-8.937038249079933,-27.93703824907993,27.93703824907993,780.4781061305551,377,361,1,Treino
19,1,Treino,2025,8,21,2,0,202508210200,2025-08-21 02:00,384,7,8.875000000000002,14761,-35,-39,412,-34,-40,-41,-33,290,26,16,23,384,407,384,delta_alt,407,359.5005529971568,23,-24.49944700284323,-47.49944700284323,47.49944700284323,2256.197465575912,384,529,1,Treino
19,1,Treino,2025,8,21,3,0,202508210300,2025-08-21 03:00,392,8,8.683333333333335,14749,-41,-51,384,-28,-62,-69,-28,289,25,15,41,392,433,392,delta_alt,433,363.0734433744567,41,-28.9265566255433,-69.9265566255433,69.9265566255433,4889.723321505314,392,1681,1,Treino
19,1,Treino,2025,8,21,4,0,202508210400,2025-08-21 04:00,395,3,8.683333333333335,14735,-19,-61,372,-12,-40,-80,-11,289,29,25,76,395,471,395,delta_alt,471,371.8795559844776,76,-23.12044401552237,-99.12044401552237,99.12044401552237,9824.862421834303,395,5776,1,Treino
19,1,Treino,2025,8,21,5,0,202508210500,2025-08-21 05:00,398,3,8.683333333333335,14714,-68,-76,371,-1,-13,-75,-33,291,33,27,132,398,530,398,delta_alt,530,371.4036568037463,132,-26.59634319625371,-158.5963431962537,158.5963431962537,25152.80007522389,398,17424,1,Treino
19,1,Treino,2025,8,21,6,0,202508210600,2025-08-21 06:00,401,3,8.683333333333335,14693,-79,-61,368,-3,-4,-44,-69,292,75,32,163,401,564,401,delta_alt,564,376.3568390822245,163,-24.6431609177755,-187.6431609177755,187.6431609177755,35209.95583921419,401,26569,1,Treino
19,1,Treino,2025,8,21,7,0,202508210700,2025-08-21 07:00,402,1,8.683333333333335,14700,-85,-82,365,-3,-6,-19,-35,275,71,17,177,402,579,402,delta_alt,579,375.0538658412897,177,-26.94613415871027,-203.9461341587103,203.9461341587103,41594.02563828265,402,31329,1,Treino
19,1,Treino,2025,8,21,8,0,202508210800,2025-08-21 08:00,403,1,8.683333333333335,14700,-92,-72,359,-6,-9,-13,-29,264,62,47,191,403,594,403,delta_alt,594,376.8283637340058,191,-26.17163626599415,-217.1716362659942,217.1716362659942,47163.51959844927,403,36481,1,Treino
19,1,Treino,2025,8,21,9,0,202508210900,2025-08-21 09:00,408,5,8.683333333333335,14708,-89,-77,338,-21,-27,-33,-32,263,62,59,194,408,602,408,delta_alt,602,377.8960312843523,194,-30.10396871564774,-224.1039687156477,224.1039687156477,50222.58879410402,408,37636,1,Treino
19,1,Treino,2025,8,21,10,0,202508211000,2025-08-21 10:00,418,10,8.66666666666667,14716,-80,-76,320,-18,-39,-48,-24,263,62,61,194,418,612,418,delta_alt,612,389.7054564196748,194,-28.29454358032524,-222.2945435803252,222.2945435803252,49414.86410558512,418,37636,1,Treino
19,1,Treino,2025,8,21,11,0,202508211100,2025-08-21 11:00,422,4,8.16666666666667,14728,-63,-69,307,-13,-31,-58,-13,263,62,62,203,422,625,422,delta_alt,625,396.8318098141564,203,-25.16819018584363,-228.1681901858436,228.1681901858436,52060.72301268331,422,41209,1,Treino
19,1,Treino,2025,8,21,12,0,202508211200,2025-08-21 12:00,406,-16,6.083333333333333,14741,-45,-55,296,-11,-24,-63,-10,263,62,62,224,406,630,406,delta_alt,630,379.5922650341374,224,-26.40773496586257,-250.4077349658626,250.4077349658626,62704.03373073367,406,50176,1,Treino
19,1,Treino,2025,8,21,13,0,202508211300,2025-08-21 13:00,396,-10,3.258333333333333,14753,-21,-38,288,-8,-19,-50,-2,263,40,62,234,396,630,396,delta_alt,630,374.9211745428385,234,-21.07882545716154,-255.0788254571615,255.0788254571615,65065.20719660509,396,54756,1,Treino
19,1,Treino,2025,8,21,14,0,202508211400,2025-08-21 14:00,407,11,0.866666666666667,14780,19,-6,283,-5,-13,-37,29,263,-28,62,222,407,629,407,delta_alt,629,398.2547200029592,222,-8.745279997040768,-230.7452799970408,230.7452799970408,53243.38424091274,407,49284,1,Treino
19,1,Treino,2025,8,21,15,0,202508211500,2025-08-21 15:00,433,26,0.08333333333333334,14801,52,27,280,-3,-8,-27,25,263,-29,40,194,433,627,433,delta_alt,627,435.8908558625218,194,2.890855862521789,-191.1091441374782,191.1091441374782,36522.70497295942,433,37636,1,Treino
19,1,Treino,2025,8,21,16,0,202508211600,2025-08-21 16:00,471,38,0.03333333333333333,14811,76,50,278,-2,-5,-18,10,276,-14,-15,155,471,626,471,delta_alt,626,481.1137128458785,155,10.11371284587847,-144.8862871541215,144.8862871541215,20992.03620530656,471,24025,1,Treino
19,1,Treino,2025,8,21,17,0,202508211700,2025-08-21 17:00,530,59,0.01666666666666667,14815,101,66,277,-1,-3,-11,0,265,-24,-27,96,530,626,530,delta_alt,626,549.520528746457,96,19.52052874645699,-76.47947125354301,76.47947125354301,5849.109523221512,530,9216,1,Treino
19,1,Treino,2025,8,21,18,0,202508211800,2025-08-21 18:00,564,34,0.01666666666666667,14819,126,84,312,35,34,29,38,264,-25,-26,61,564,625,564,delta_alt,625,599.9788892795409,61,35.97888927954091,-25.02111072045909,25.02111072045909,626.0559816854728,564,3721,1,Treino
19,1,Treino,2025,8,21,19,0,202508211900,2025-08-21 19:00,579,15,0.01666666666666667,14821,121,107,370,58,93,90,61,263,-28,-26,46,579,625,579,delta_alt,625,629.7564271511053,46,50.7564271511053,4.756427151105299,4.756427151105299,22.62359924377168,579,2116,1,Treino
19,1,Treino,2025,8,21,20,0,202508212000,2025-08-21 20:00,594,15,0.01666666666666667,14822,122,129,401,31,89,123,37,263,-29,-26,16,594,610,594,delta_alt,610,641.4717547358255,16,47.47175473582547,31.47175473582547,31.47175473582547,990.471346151953,594,256,1,Treino
19,1,Treino,2025,8,21,21,0,202508212100,2025-08-21 21:00,602,8,0.01666666666666667,14823,115,123,411,10,41,134,31,263,-12,-28,-12,602,590,602,delta_alt,590,637.0242589030529,-12,35.0242589030529,47.0242589030529,47.0242589030529,2211.28092538135,602,144,1,Treino
19,1,Treino,2025,8,21,22,0,202508212200,2025-08-21 22:00,612,10,0.01666666666666667,14824,108,124,414,3,13,102,21,264,0,-28,-23,612,589,612,delta_alt,589,641.1428640896593,-23,29.14286408965927,52.14286408965927,52.14286408965927,2718.878275472678,612,529,1,Treino
19,1,Treino,2025,8,21,23,0,202508212300,2025-08-21 23:00,625,13,0.01666666666666667,14825,97,117,414,0,3,44,13,263,0,-12,-24,625,601,625,delta_alt,601,649.2067216017676,-24,24.20672160176764,48.20672160176764,48.20672160176764,2323.888007590331,625,576,1,Treino
19,1,Treino,2025,8,22,0,0,202508220000,2025-08-22 00:00,630,5,0.01666666666666667,14828,87,112,414,0,0,13,11,263,0,-1,-28,630,602,630,delta_alt,602,649.3423125457036,-28,19.34231254570363,47.34231254570363,47.34231254570363,2241.294557175088,630,784,1,Treino
19,1,Treino,2025,8,22,1,0,202508220100,2025-08-22 01:00,630,0,0.01666666666666667,14818,65,90,414,0,0,3,8,260,-3,-3,-32,630,598,630,delta_alt,598,641.0313286703843,-32,11.03132867038426,43.03132867038426,43.03132867038426,1851.695247138634,630,1024,1,Treino
19,1,Treino,2025,8,22,2,0,202508220200,2025-08-22 02:00,629,-1,0,14807,27,66,387,-27,-27,-27,-22,260,-3,-3,-35,629,594,629,delta_alt,594,619.8197691354849,-35,-9.180230864515124,25.81976913548488,25.81976913548488,666.6604782097374,629,1225,1,Treino
19,1,Treino,2025,8,22,3,0,202508220300,2025-08-22 03:00,627,-2,0.06666666666666667,14798,-3,45,358,-29,-56,-56,-26,260,-3,-3,-37,627,590,627,delta_alt,590,606.5365905613959,-37,-20.46340943860412,16.53659056139588,16.53659056139588,273.4588273952474,627,1369,1,Treino
19,1,Treino,2025,8,22,4,0,202508220400,2025-08-22 04:00,626,-1,0.15,14790,-21,10,341,-17,-46,-73,-15,260,-3,-3,-25,626,601,626,delta_alt,601,602.9147280347111,-25,-23.08527196528894,1.914728034711061,1.914728034711061,3.666183446908482,626,625,1,Treino
19,1,Treino,2025,8,22,5,0,202508220500,2025-08-22 05:00,626,0,0.3333333333333334,14779,-36,-22,332,-9,-26,-82,-8,260,-3,-3,-10,626,616,626,delta_alt,616,601.224706545042,-10,-24.77529345495805,-14.77529345495805,14.77529345495805,218.3092966801261,626,100,1,Treino
19,1,Treino,2025,8,22,6,0,202508220600,2025-08-22 06:00,625,-1,0.3833333333333334,14771,-48,-40,328,-4,-13,-59,-39,260,-16,-3,-7,625,618,625,delta_alt,618,596.9516775531727,-7,-28.04832244682734,-21.04832244682734,21.04832244682734,443.0318778256158,625,49,1,Treino
19,1,Treino,2025,8,22,7,0,202508220700,2025-08-22 07:00,625,0,0.5,14765,-56,-50,325,-3,-7,-33,-61,260,-5,-3,-11,625,614,625,delta_alt,614,596.2377072503913,-11,-28.76229274960872,-17.76229274960872,17.76229274960872,315.4990437228025,625,121,1,Treino
19,1,Treino,2025,8,22,8,0,202508220800,2025-08-22 08:00,610,-15,0.5,14755,-67,-64,324,-1,-4,-17,-32,258,-6,-18,-1,610,609,610,delta_alt,609,576.4424319898299,-1,-33.55756801017014,-32.55756801017014,32.55756801017014,1059.995234736854,610,1,1,Treino
19,1,Treino,2025,8,22,9,0,202508220900,2025-08-22 09:00,590,-20,0.5166666666666667,14750,-73,-71,326,2,1,-6,-8,258,-5,-7,13,590,603,590,delta_alt,603,557.1531462620098,13,-32.84685373799016,-45.84685373799016,45.84685373799016,2101.933997672662,590,169,1,Treino
19,1,Treino,2025,8,22,10,0,202508221000,2025-08-22 10:00,589,-1,0.5166666666666667,14751,-73,-71,335,9,11,7,6,258,-5,-6,9,589,598,589,delta_alt,598,564.4147467178545,9,-24.58525328214546,-33.58525328214546,33.58525328214546,1127.969238025862,589,81,1,Treino
19,1,Treino,2025,8,22,11,0,202508221100,2025-08-22 11:00,601,12,0.5166666666666667,14754,-71,-69,346,11,20,21,11,251,-12,-12,-10,601,591,601,delta_alt,591,581.3273639438419,-10,-19.67263605615813,-9.672636056158126,9.672636056158126,93.55988827489023,601,100,1,Treino
19,1,Treino,2025,8,22,12,0,202508221200,2025-08-22 12:00,602,1,0.5166666666666667,14765,-63,-59,351,5,16,27,5,249,-15,-14,-20,602,582,602,delta_alt,582,580.0039215087888,-20,-21.99607849121116,-1.996078491211165,1.996078491211165,3.98432934307584,602,400,1,Treino
19,1,Treino,2025,8,22,13,0,202508221300,2025-08-22 13:00,598,-4,0.5166666666666667,14778,-40,-47,332,-19,-14,6,-19,248,-15,-15,-26,598,572,598,delta_alt,572,568.8266123782313,-26,-29.17338762176871,-3.173387621768711,3.173387621768711,10.07038899799488,598,676,1,Treino
19,1,Treino,2025,8,22,14,0,202508221400,2025-08-22 14:00,594,-4,0.55,14790,-17,-38,313,-19,-38,-22,8,249,-14,-15,-31,594,563,594,delta_alt,563,566.6271435971989,-31,-27.37285640280106,3.627143597198938,3.627143597198938,13.15617067470125,594,961,1,Treino
19,1,Treino,2025,8,22,15,0,202508221500,2025-08-22 15:00,590,-4,0.55,14795,-3,-23,303,-10,-29,-43,19,247,-13,-16,-36,590,554,590,delta_alt,554,567.8567714619585,-36,-22.14322853804151,13.85677146195849,13.85677146195849,192.0101153489472,590,1296,1,Treino
19,1,Treino,2025,8,22,16,0,202508221600,2025-08-22 16:00,601,11,0.55,14820,30,13,325,22,12,-26,39,242,-18,-21,-55,601,546,601,delta_alt,546,603.533131646968,-55,2.533131646967945,57.53313164696795,57.53313164696795,3310.061237107344,601,3025,1,Treino
19,1,Treino,2025,8,22,17,0,202508221700,2025-08-22 17:00,616,15,0.55,14807,28,9,352,27,49,20,36,241,-19,-19,-77,616,539,616,delta_alt,539,625.8128326845817,-77,9.812832684581736,86.81283268458174,86.81283268458174,7536.467918721183,616,5929,1,Treino
19,1,Treino,2025,8,22,18,0,202508221800,2025-08-22 18:00,618,2,0.55,14796,25,6,366,14,41,53,18,241,-19,-19,-87,618,531,618,delta_alt,531,619.9837735447387,-87,1.98377354473871,88.98377354473871,88.98377354473871,7918.111954261341,618,7569,1,Treino
19,1,Treino,2025,8,22,19,0,202508221900,2025-08-22 19:00,614,-4,0.55,14786,21,7,371,5,19,68,8,239,-21,-21,-90,614,524,614,delta_alt,524,609.0961892194397,-90,-4.90381078056032,85.09618921943968,85.09618921943968,7241.361419670682,614,8100,1,Treino
19,1,Treino,2025,8,22,20,0,202508222000,2025-08-22 20:00,609,-5,0.55,14776,21,5,373,2,7,48,3,238,-22,-22,-106,609,503,609,delta_alt,503,599.9587168477918,-106,-9.041283152208166,96.95871684779183,96.95871684779183,9400.992772770272,609,11236,1,Treino
19,1,Treino,2025,8,22,21,0,202508222100,2025-08-22 21:00,603,-6,0.55,14766,16,1,373,0,2,21,-2,238,-22,-22,-133,603,470,603,delta_alt,470,589.8605534581557,-133,-13.13944654184434,119.8605534581557,119.8605534581557,14366.55227529539,603,17689,1,Treino
19,1,Treino,2025,8,22,22,0,202508222200,2025-08-22 22:00,598,-5,0.6166666666666667,14756,5,1,373,0,0,7,-9,238,-20,-22,-148,598,450,598,delta_alt,450,582.3710759048367,-148,-15.62892409516326,132.3710759048367,132.3710759048367,17522.10173620405,598,21904,1,Treino
19,1,Treino,2025,8,22,23,0,202508222300,2025-08-22 23:00,591,-7,0.7833333333333333,14745,-9,-5,373,0,0,2,-11,238,-20,-22,-147,591,444,591,delta_alt,444,571.9247098658595,-147,-19.07529013414046,127.9247098658595,127.9247098658595,16364.73139426434,591,21609,1,Treino
19,1,Treino,2025,8,23,0,0,202508230000,2025-08-23 00:00,582,-9,0.7833333333333333,14733,-32,-18,373,0,0,0,-5,238,-20,-20,-137,582,445,582,delta_alt,445,558.4677861511416,-137,-23.53221384885842,113.4677861511416,113.4677861511416,12874.9384940412,582,18769,1,Treino
19,1,Treino,2025,8,23,1,0,202508230100,2025-08-23 01:00,572,-10,0.85,14723,-55,-31,372,-1,-1,-1,18,238,-13,-20,-127,572,445,572,delta_alt,445,545.4689632100238,-127,-26.53103678997616,100.4689632100238,100.4689632100238,10094.01256849712,572,16129,1,Treino
19,1,Treino,2025,8,23,2,0,202508230200,2025-08-23 02:00,563,-9,0.85,14710,-80,-55,370,-2,-3,-3,17,238,-11,-20,-119,563,444,563,delta_alt,444,530.7302288263103,-119,-32.26977117368972,86.73022882631028,86.73022882631028,7522.132592264143,563,14161,1,Treino
19,1,Treino,2025,8,23,3,0,202508230300,2025-08-23 03:00,554,-9,0.85,14700,-95,-78,369,-1,-3,-4,9,238,-10,-13,-113,554,441,554,delta_alt,441,517.6983752270131,-113,-36.30162477298688,76.69837522701312,76.69837522701312,5882.6407624637,554,12769,1,Treino
19,1,Treino,2025,8,23,4,0,202508230400,2025-08-23 04:00,546,-8,0.95,14696,-124,-94,367,-2,-3,-6,-24,238,-11,-11,-94,546,452,546,delta_alt,452,503.4202101251965,-94,-42.57978987480351,51.42021012519649,51.42021012519649,2644.03800931936,546,8836,1,Treino
19,1,Treino,2025,8,23,5,0,202508230500,2025-08-23 05:00,539,-7,1.133333333333333,14700,-107,-95,367,0,-2,-5,-27,238,-9,-10,-54,539,485,539,delta_alt,485,498.7913183616038,-54,-40.20868163839617,13.79131836160383,13.79131836160383,190.2004621511109,539,2916,1,Treino
19,1,Treino,2025,8,23,6,0,202508230600,2025-08-23 06:00,531,-8,1.15,14700,-96,-120,367,0,0,-3,-14,238,-4,-11,-33,531,498,531,delta_alt,498,490.3647135386656,-33,-40.63528646133437,-7.635286461334374,7.635286461334374,58.29759934663599,531,1089,1,Treino
19,1,Treino,2025,8,23,7,0,202508230700,2025-08-23 07:00,524,-7,1.466666666666667,14688,-98,-119,367,0,0,-2,-5,239,-2,-8,-26,524,498,524,delta_alt,498,483.9263297197158,-26,-40.0736702802842,-14.0736702802842,14.0736702802842,198.0681951581549,524,676,1,Treino
19,1,Treino,2025,8,23,8,0,202508230800,2025-08-23 08:00,503,-21,3.933333333333334,14690,-86,-106,368,1,1,1,-1,247,6,5,-16,503,487,503,delta_alt,487,465.3016246172365,-16,-37.69837538276346,-21.69837538276346,21.69837538276346,470.8194942513153,503,256,1,Treino
20,1,Treino,2025,9,2,18,0,202509021800,2025-09-02 18:00,303,49,0.5909090909090908,14743,35,36,266,0,0,-11,5,239,39,38,153,303,456,303,delta_alt,456,310.5110320941922,153,7.51103209419216,-145.4889679058078,145.4889679058078,21167.03978229718,303,23409,1,Treino
20,1,Treino,2025,9,2,19,0,202509021900,2025-09-02 19:00,351,48,0.5909090909090908,14738,34,30,277,11,11,9,14,239,39,39,137,351,488,351,delta_alt,488,363.2194011917744,137,12.21940119177441,-124.7805988082256,124.7805988082256,15570.19783893935,351,18769,1,Treino
20,1,Treino,2025,9,2,20,0,202509022000,2025-09-02 20:00,365,14,0.5909090909090908,14734,34,26,299,22,33,33,19,238,38,38,167,365,532,365,delta_alt,532,373.8550104247381,167,8.855010424738055,-158.1449895752619,158.1449895752619,25009.83772775971,365,27889,1,Treino
20,1,Treino,2025,9,2,21,0,202509022100,2025-09-02 21:00,373,8,0.609090909090909,14730,30,26,315,16,38,49,9,238,38,38,191,373,564,373,delta_alt,564,379.2622446446585,191,6.262244644658495,-184.7377553553415,184.7377553553415,34128.03825373001,373,36481,1,Treino
20,1,Treino,2025,9,2,22,0,202509022200,2025-09-02 22:00,384,11,0.609090909090909,14726,26,26,325,10,26,59,6,222,22,22,218,384,602,384,delta_alt,602,385.2262538713599,218,1.226253871359859,-216.7737461286401,216.7737461286401,46990.85701064413,384,47524,1,Treino
20,1,Treino,2025,9,2,23,0,202509022300,2025-09-02 23:00,395,11,0.609090909090909,14724,24,24,332,7,17,55,25,205,5,5,241,395,636,395,delta_alt,636,392.0842942642088,241,-2.915705735791221,-243.9157057357912,243.9157057357912,59494.87150458909,395,58081,1,Treino
20,1,Treino,2025,9,3,0,0,202509030000,2025-09-03 00:00,400,5,0.609090909090909,14722,20,22,339,7,14,40,31,201,-3,1,268,400,668,400,delta_alt,668,393.3617657008828,268,-6.638234299117244,-274.6382342991172,274.6382342991172,75426.15973893683,400,71824,1,Treino
20,1,Treino,2025,9,3,1,0,202509030100,2025-09-03 01:00,402,2,0.609090909090909,14720,11,20,344,5,12,29,24,200,-46,0,292,402,694,402,delta_alt,694,388.9465476595844,292,-13.05345234041556,-305.0534523404156,305.0534523404156,93057.60878480619,402,85264,1,Treino
20,1,Treino,2025,9,3,2,0,202509030200,2025-09-03 02:00,405,3,0.609090909090909,14718,0,16,346,2,7,21,15,200,-51,-4,324,405,729,405,delta_alt,729,388.010409330887,324,-16.989590669113,-340.989590669113,340.989590669113,116273.9009446892,405,104976,1,Treino
20,1,Treino,2025,9,3,3,0,202509030300,2025-09-03 03:00,409,4,0.609090909090909,14715,-12,6,347,1,3,15,10,200,-52,-46,348,409,757,409,delta_alt,757,385.8594672723601,348,-23.14053272763994,-371.1405327276399,371.1405327276399,137745.2950333564,409,121104,1,Treino
20,1,Treino,2025,9,3,4,0,202509030400,2025-09-03 04:00,418,9,0.609090909090909,14711,-27,-7,347,0,1,8,2,200,-52,-51,354,418,772,418,delta_alt,772,391.6725370021331,354,-26.32746299786686,-380.3274629978669,380.3274629978669,144648.9791103938,418,125316,1,Treino
20,1,Treino,2025,9,3,5,0,202509030500,2025-09-03 05:00,436,18,0.609090909090909,14708,-36,-19,346,-1,-1,2,-1,200,-52,-52,348,436,784,436,delta_alt,784,408.9013094989286,348,-27.09869050107136,-375.0986905010714,375.0986905010714,140699.0276156185,436,121104,1,Treino
20,1,Treino,2025,9,3,6,0,202509030600,2025-09-03 06:00,456,20,0.8424242424242423,14705,-38,-33,346,0,-1,0,0,200,-52,-52,337,456,793,456,delta_alt,793,428.1466693223848,337,-27.85333067761519,-364.8533306776152,364.8533306776152,133117.9529065492,456,113569,1,Treino
20,1,Treino,2025,9,3,7,0,202509030700,2025-09-03 07:00,488,32,1.400757575757576,14700,-38,-44,347,1,1,0,-10,200,-40,-52,311,488,799,488,delta_alt,799,462.8368328420079,311,-25.16316715799212,-336.1631671579921,336.1631671579921,113005.6749536922,488,96721,1,Treino
20,1,Treino,2025,9,3,8,0,202509030800,2025-09-03 08:00,532,44,2.767424242424243,14700,-34,-43,351,4,5,4,-18,200,-39,-52,269,532,801,532,delta_alt,801,512.1685536252531,269,-19.83144637474686,-288.8314463747469,288.8314463747469,83423.60441492827,532,72361,1,Treino
20,1,Treino,2025,9,3,9,0,202509030900,2025-09-03 09:00,564,32,3.717424242424242,14700,-30,-38,352,1,5,6,-15,201,-38,-39,237,564,801,564,delta_alt,801,543.6699370853411,237,-20.33006291465892,-257.3300629146589,257.3300629146589,66218.76127966231,564,56169,1,Treino
20,1,Treino,2025,9,3,10,0,202509031000,2025-09-03 10:00,602,38,4.325757575757576,14701,-25,-33,350,-2,-1,4,-12,201,-37,-38,195,602,797,602,delta_alt,797,584.0079651839588,195,-17.99203481604115,-212.9920348160412,212.9920348160412,45365.60689507769,602,38025,1,Treino
20,1,Treino,2025,9,3,11,0,202509031100,2025-09-03 11:00,636,34,4.325757575757576,14708,-16,-22,328,-22,-24,-19,-29,200,-38,-39,155,636,791,636,delta_alt,791,611.2156162981131,155,-24.7843837018869,-179.7843837018869,179.7843837018869,32322.42462306729,636,24025,1,Treino
20,1,Treino,2025,9,3,12,0,202509031200,2025-09-03 12:00,668,32,4.375757575757576,14709,-13,-17,304,-24,-46,-47,-31,200,-22,-38,117,668,785,668,delta_alt,785,641.0056674980906,117,-26.99433250190941,-143.9943325019094,143.9943325019094,20734.36779267044,668,13689,1,Treino
20,1,Treino,2025,9,3,13,0,202509031300,2025-09-03 13:00,694,26,4.400757575757576,14713,-7,-11,287,-17,-41,-65,-22,200,-5,-38,86,694,780,694,delta_alt,780,669.6541455865441,86,-24.34585441345587,-110.3458544134559,110.3458544134559,12176.2075862356,694,7396,1,Treino
20,1,Treino,2025,9,3,14,0,202509031400,2025-09-03 14:00,729,35,4.400757575757576,14715,-3,-7,274,-13,-30,-76,-15,220,19,-2,49,729,778,729,delta_alt,778,714.8432887728669,49,-14.15671122713309,-63.15671122713309,63.15671122713309,3988.770173027478,729,2401,1,Treino
20,1,Treino,2025,9,3,15,0,202509031500,2025-09-03 15:00,757,28,4.400757575757576,14720,5,0,266,-8,-21,-62,-9,245,45,40,27,757,784,757,delta_alt,784,752.1108548118557,27,-4.889145188144312,-31.88914518814431,31.88914518814431,1016.917580830548,757,729,1,Treino
20,1,Treino,2025,9,3,16,0,202509031600,2025-09-03 16:00,772,15,4.400757575757576,14725,14,7,266,0,-8,-38,0,256,56,55,13,772,785,772,delta_alt,785,773.0295966755973,13,1.029596675597304,-11.9704033244027,11.9704033244027,143.2905557488711,772,169,1,Treino
20,1,Treino,2025,9,3,17,0,202509031700,2025-09-03 17:00,784,12,4.400757575757576,14724,16,9,266,0,0,-21,1,262,62,62,-1,784,783,784,delta_alt,783,787.7010166982309,-1,3.701016698230887,4.701016698230887,4.701016698230887,22.09955799704563,784,1,1,Treino
20,1,Treino,2025,9,3,18,0,202509031800,2025-09-03 18:00,793,9,4.400757575757576,14719,14,8,266,0,0,-8,0,263,63,63,-14,793,779,793,delta_alt,779,796.132282887852,-14,3.132282887852057,17.13228288785206,17.13228288785206,293.5151169493884,793,196,1,Treino
20,1,Treino,2025,9,3,19,0,202509031900,2025-09-03 19:00,799,6,4.400757575757576,14713,13,5,271,5,5,5,4,263,63,63,-25,799,774,799,delta_alt,774,803.192635743074,-25,4.192635743073993,29.19263574307399,29.19263574307399,852.2099816278012,799,625,1,Treino
20,1,Treino,2025,9,3,20,0,202509032000,2025-09-03 20:00,801,2,4.400757575757576,14707,7,2,292,21,26,26,17,263,63,63,-30,801,771,801,delta_alt,771,810.7237300137101,-30,9.72373001371011,39.72373001371011,39.72373001371011,1577.974726202134,801,900,1,Treino
20,1,Treino,2025,9,3,21,0,202509032100,2025-09-03 21:00,801,0,4.400757575757576,14706,6,6,304,12,33,38,11,263,63,63,-36,801,765,801,delta_alt,765,809.6037114473395,-36,8.603711447339492,44.60371144733949,44.60371144733949,1989.491074877524,801,1296,1,Treino
20,1,Treino,2025,9,3,22,0,202509032200,2025-09-03 22:00,797,-4,4.400757575757576,14707,6,7,321,17,29,55,19,263,63,63,-40,797,757,797,delta_alt,757,806.975083549841,-40,9.975083549840974,49.97508354984097,49.97508354984097,2497.508975813586,797,1600,1,Treino
20,1,Treino,2025,9,3,23,0,202509032300,2025-09-03 23:00,791,-6,4.400757575757576,14710,2,10,329,8,25,58,30,263,62,63,-44,791,747,791,delta_alt,747,798.9491598543715,-44,7.949159854371487,51.94915985437149,51.94915985437149,2698.715209575042,791,1936,1,Treino
20,1,Treino,2025,9,4,0,0,202509040000,2025-09-04 00:00,785,-6,4.667424242424243,14713,4,12,332,3,11,40,27,263,62,63,-49,785,736,785,delta_alt,736,790.1421383212753,-49,5.142138321275297,54.1421383212753,54.1421383212753,2931.371142000107,785,2401,1,Treino
20,1,Treino,2025,9,4,1,0,202509040100,2025-09-04 01:00,780,-5,4.500757575757576,14713,0,5,334,2,5,30,19,263,63,62,-54,780,726,780,delta_alt,726,782.2499905596471,-54,2.249990559647131,56.24999055964713,56.24999055964713,3164.061437960391,780,2916,1,Treino
20,1,Treino,2025,9,4,2,0,202509040200,2025-09-04 02:00,778,-2,4.467424242424242,14710,-5,1,333,-1,1,12,12,263,63,62,-59,778,719,778,delta_alt,719,777.5305088809828,-59,-0.4694911190172206,58.53050888098278,58.53050888098278,3425.820469866804,778,3481,1,Treino
20,1,Treino,2025,9,4,3,0,202509040300,2025-09-04 03:00,784,6,4.321969696969697,14716,-4,3,321,-12,-13,-8,-4,263,63,63,-66,784,718,784,delta_alt,718,780.4493829477508,-66,-3.550617052249208,62.44938294775079,62.44938294775079,3899.925430554827,784,4356,1,Treino
20,1,Treino,2025,9,4,4,0,202509040400,2025-09-04 04:00,785,1,4.121969696969697,14727,2,12,306,-15,-27,-26,-15,243,23,43,-64,785,721,785,delta_alt,721,773.2445746464673,-64,-11.7554253535327,52.2445746464673,52.2445746464673,2729.495579990294,785,4096,1,Treino
20,1,Treino,2025,9,4,5,0,202509040500,2025-09-04 05:00,783,-2,4.076515151515151,14732,8,12,295,-11,-26,-39,-11,239,-6,39,-62,783,721,783,delta_alt,721,769.3282141362201,-62,-13.67178586377986,48.32821413622014,48.32821413622014,2335.616281596348,783,3844,1,Treino
20,1,Treino,2025,9,4,6,0,202509040600,2025-09-04 06:00,779,-4,4.421969696969697,14739,20,14,288,-7,-18,-45,-7,238,-18,18,-63,779,716,779,delta_alt,716,765.9029151825957,-63,-13.09708481740427,49.90291518259573,49.90291518259573,2490.300943721344,779,3969,1,Treino
20,1,Treino,2025,9,4,7,0,202509040700,2025-09-04 07:00,774,-5,4.494696969696969,14742,29,18,283,-5,-12,-38,-10,238,-24,-7,-75,774,699,774,delta_alt,699,761.0026067688643,-75,-12.99739323113567,62.00260676886433,62.00260676886433,3844.32324613442,774,5625,1,Treino
20,1,Treino,2025,9,4,8,0,202509040800,2025-09-04 08:00,771,-3,5.77651515151515,14747,40,28,279,-4,-9,-27,-25,238,-25,-18,-92,771,679,771,delta_alt,679,760.6571809362911,-92,-10.34281906370893,81.65718093629107,81.65718093629107,6667.895198462178,771,8464,1,Treino
20,1,Treino,2025,9,4,9,0,202509040900,2025-09-04 09:00,765,-6,10.13106060606061,14751,45,38,276,-3,-7,-19,-15,239,-24,-23,-101,765,664,765,delta_alt,664,758.7494219343769,-101,-6.250578065623131,94.74942193437687,94.74942193437687,8977.452956898576,765,10201,1,Treino
20,1,Treino,2025,9,4,10,0,202509041000,2025-09-04 10:00,757,-8,17.63106060606061,14758,51,51,274,-2,-5,-14,-19,240,-23,-23,-105,757,652,757,delta_alt,652,756.5936718385572,-105,-0.4063281614428433,104.5936718385572,104.5936718385572,10939.83618867178,757,11025,1,Treino
20,1,Treino,2025,9,4,11,0,202509041100,2025-09-04 11:00,747,-10,20.18560606060606,14762,52,56,272,-2,-4,-11,-10,240,-23,-23,-103,747,644,747,delta_alt,644,748.8119078625783,-103,1.811907862578323,104.8119078625783,104.8119078625783,10985.53602979361,747,10609,1,Treino
20,1,Treino,2025,9,4,12,0,202509041200,2025-09-04 12:00,736,-11,23.34924242424243,14767,54,60,271,-1,-3,-8,-4,241,-22,-22,-99,736,637,736,delta_alt,637,740.8947549121273,-99,4.894754912127269,103.8947549121273,103.8947549121273,10794.12009825099,736,9801,1,Treino
20,1,Treino,2025,9,4,13,0,202509041300,2025-09-04 13:00,726,-10,27.31287878787879,14774,61,64,271,0,-1,-5,-2,242,-21,-21,-97,726,629,726,delta_alt,629,735.5039410213133,-97,9.503941021313267,106.5039410213133,106.5039410213133,11343.08945307137,726,9409,1,Treino
20,1,Treino,2025,9,4,14,0,202509041400,2025-09-04 14:00,719,-7,30.44924242424243,14786,76,73,272,1,1,-2,2,243,-20,-20,-101,719,618,719,delta_alt,618,735.3096795712281,-101,16.30967957122812,117.3096795712281,117.3096795712281,13761.56092110422,719,10201,1,Treino
20,1,Treino,2025,9,4,15,0,202509041500,2025-09-04 15:00,718,-1,31.31287878787879,14787,71,74,277,5,6,5,17,245,-18,-18,-107,718,611,718,delta_alt,611,739.3180054752116,-107,21.31800547521163,128.3180054752116,128.3180054752116,16465.51052913644,718,11449,1,Treino
20,1,Treino,2025,9,4,16,0,202509041600,2025-09-04 16:00,721,3,32.56742424242425,14786,59,76,308,31,36,37,46,250,-13,-13,-116,721,605,721,delta_alt,605,757.5410784724186,-116,36.54107847241858,152.5410784724186,152.5410784724186,23268.78062152856,721,13456,1,Treino
20,1,Treino,2025,9,4,17,0,202509041700,2025-09-04 17:00,721,0,33.95833333333334,14778,46,62,342,34,65,71,45,254,-9,-9,-125,721,596,721,delta_alt,596,760.7799104904132,-125,39.77991049041316,164.7799104904132,164.7799104904132,27152.41890122857,721,15625,1,Treino
20,1,Treino,2025,9,4,18,0,202509041800,2025-09-04 18:00,716,-5,36.40681818181818,14789,50,62,368,26,60,96,33,261,18,-2,-129,716,587,716,delta_alt,587,758.2013304295593,-129,42.20133042955933,171.2013304295593,171.2013304295593,29309.89554085116,716,16641,1,Treino
20,1,Treino,2025,9,4,19,0,202509041900,2025-09-04 19:00,699,-17,37.36666666666667,14787,45,55,407,39,65,130,44,266,27,3,-127,699,572,699,delta_alt,572,744.7593927241548,-127,45.75939272415485,172.7593927241548,172.7593927241548,29845.80777441877,699,16129,1,Treino
20,1,Treino,2025,9,4,20,0,202509042000,2025-09-04 20:00,679,-20,37.47272727272728,14775,28,36,441,34,73,133,38,283,45,40,-141,679,538,679,delta_alt,538,724.192583481476,-141,45.19258348147605,186.192583481476,186.192583481476,34667.67814350643,679,19881,1,Treino
20,1,Treino,2025,9,4,21,0,202509042100,2025-09-04 21:00,664,-15,37.86818181818182,14765,14,23,459,18,52,117,21,288,50,49,-147,664,517,664,delta_alt,517,700.4362766452812,-147,36.43627664528117,183.4362766452812,183.4362766452812,33648.86758948413,664,21609,1,Treino
20,1,Treino,2025,9,4,22,0,202509042200,2025-09-04 22:00,652,-12,39.35984848484848,14757,-1,10,464,5,23,96,7,296,58,58,-146,652,506,652,delta_alt,506,679.7642138771414,-146,27.7642138771414,173.7642138771414,173.7642138771414,30194.00202434094,652,21316,1,Treino
20,1,Treino,2025,9,4,23,0,202509042300,2025-09-04 23:00,644,-8,40.0689393939394,14745,-17,-6,467,3,8,60,5,301,62,63,-141,644,503,644,delta_alt,503,665.8289838875294,-141,21.82898388752938,162.8289838875294,162.8289838875294,26513.2779938453,644,19881,1,Treino
20,1,Treino,2025,9,5,0,0,202509050000,2025-09-05 00:00,637,-7,40.78257575757576,14730,-37,-28,469,2,5,28,3,307,67,69,-131,637,506,637,delta_alt,506,652.6928135661044,-131,15.69281356610441,146.6928135661044,146.6928135661044,21518.78155193986,637,17161,1,Treino
20,1,Treino,2025,9,5,1,0,202509050100,2025-09-05 01:00,629,-8,40.97575757575758,14725,-49,-37,471,2,4,12,2,311,71,72,-108,629,521,629,delta_alt,521,641.5831132422868,-108,12.5831132422868,120.5831132422868,120.5831132422868,14540.28719920216,629,11664,1,Treino
20,1,Treino,2025,9,5,2,0,202509050200,2025-09-05 02:00,618,-11,41.08484848484849,14720,-66,-47,473,2,4,9,1,313,72,73,-68,618,550,618,delta_alt,550,626.3704016867553,-68,8.370401686755258,76.37040168675526,76.37040168675526,5832.43825379635,618,4624,1,Treino
20,1,Treino,2025,9,5,3,0,202509050300,2025-09-05 03:00,611,-7,41.1939393939394,14718,-69,-56,474,1,3,7,-4,312,70,72,-45,611,566,611,delta_alt,566,617.9308745518761,-45,6.930874551876059,51.93087455187606,51.93087455187606,2696.815731722688,611,2025,1,Treino
20,1,Treino,2025,9,5,9,0,202509050900,2025-09-05 09:00,517,-21,42.0539393939394,14707,-58,-80,476,0,0,0,-18,337,71,83,4,517,521,517,delta_alt,521,517.9970436192407,4,0.9970436192406851,-3.002956380759315,3.002956380759315,9.017747024743084,517,16,1,Treino
20,1,Treino,2025,9,5,10,0,202509051000,2025-09-05 10:00,506,-11,42.0539393939394,14724,-33,-51,456,-20,-20,-20,-25,342,59,81,5,506,511,506,delta_alt,511,507.6917015491276,5,1.691701549127572,-3.308298450872428,3.308298450872428,10.94483864004491,506,25,1,Treino
20,1,Treino,2025,9,5,11,0,202509051100,2025-09-05 11:00,503,-3,42.0539393939394,14739,-6,-26,423,-33,-53,-53,-36,349,61,83,0,503,503,503,delta_alt,503,505.1086789150786,0,2.108678915078599,2.108678915078599,2.108678915078599,4.446526766897057,503,0,1,Treino
20,1,Treino,2025,9,5,12,0,202509051200,2025-09-05 12:00,506,3,41.91454545454546,14753,23,-4,407,-16,-49,-69,-18,353,57,70,-10,506,496,506,delta_alt,496,519.5967472161791,-10,13.5967472161791,23.5967472161791,23.5967472161791,556.806479184256,506,100,1,Treino
20,1,Treino,2025,9,5,13,0,202509051300,2025-09-05 13:00,521,15,41.9509090909091,14765,40,20,402,-5,-21,-74,-7,350,49,62,-31,521,490,521,delta_alt,490,548.2630798842249,-31,27.26307988422491,58.26307988422491,58.26307988422491,3394.586477595573,521,961,1,Treino
20,1,Treino,2025,9,5,14,0,202509051400,2025-09-05 14:00,550,29,41.9509090909091,14758,38,28,404,2,-3,-52,0,347,40,51,-66,550,484,550,delta_alt,484,585.5231497006511,-66,35.52314970065106,101.5231497006511,101.5231497006511,10306.94992514081,550,4356,1,Treino
20,1,Treino,2025,9,5,15,0,202509051500,2025-09-05 15:00,566,16,41.96909090909092,14749,31,24,439,35,37,16,34,352,41,51,-87,566,479,566,delta_alt,479,615.3870477529808,-87,49.38704775298083,136.3870477529808,136.3870477529808,18601.42679477387,566,7569,1,Treino
20,1,Treino,2025,9,5,16,0,202509051600,2025-09-05 16:00,571,5,42.00545454545455,14734,13,14,469,30,65,62,29,356,43,49,-97,571,474,571,delta_alt,474,617.632108821176,-97,46.63210882117596,143.632108821176,143.632108821176,20630.18268441813,571,9409,1,Treino
